cluster_id,link_score,meetup_id,twitter_id,source_1,source_2
0.0,0.9485184550285339,10526458.0,5477422.0,data/meetup_members.json,data/twitter_followers.json
1.0,0.9445141553878784,161688822.0,1372628305.0,data/meetup_members.json,data/twitter_followers.json
2.0,0.9161441922187805,14276831.0,245844592.0,data/meetup_members.json,data/twitter_followers.json
3.0,0.9129931926727295,83915892.0,577195836.0,data/meetup_members.json,data/twitter_followers.json
4.0,0.9109708666801453,134103082.0,39454422.0,data/meetup_members.json,data/twitter_followers.json
5.0,0.8957357406616211,47481112.0,18263413.0,data/meetup_members.json,data/twitter_followers.json
6.0,0.8887227773666382,17216461.0,75234745.0,data/meetup_members.json,data/twitter_followers.json
7.0,0.8865002989768982,12870181.0,5114131.0,data/meetup_members.json,data/twitter_followers.json
8.0,0.8855370879173279,91624492.0,442751368.0,data/meetup_members.json,data/twitter_followers.json
9.0,0.8820593953132629,11591960.0,50703.0,data/meetup_members.json,data/twitter_followers.json
10.0,0.8746326565742493,93564262.0,23753453.0,data/meetup_members.json,data/twitter_followers.json
11.0,0.8671162128448486,24759522.0,11080742.0,data/meetup_members.json,data/twitter_followers.json
12.0,0.8634988069534302,168153482.0,186910846.0,data/meetup_members.json,data/twitter_followers.json
13.0,0.8622440695762634,6253122.0,17406474.0,data/meetup_members.json,data/twitter_followers.json
14.0,0.8596014976501465,5133865.0,14336833.0,data/meetup_members.json,data/twitter_followers.json
15.0,0.8590114116668701,14632242.0,76600354.0,data/meetup_members.json,data/twitter_followers.json
16.0,0.8580565452575684,160220632.0,974358241.0,data/meetup_members.json,data/twitter_followers.json
17.0,0.8558892011642456,55130942.0,26984374.0,data/meetup_members.json,data/twitter_followers.json
18.0,0.8543103337287903,174637092.0,165027072.0,data/meetup_members.json,data/twitter_followers.json
19.0,0.8299483060836792,69063532.0,421699307.0,data/meetup_members.json,data/twitter_followers.json
20.0,0.8287487626075745,13852608.0,10255672.0,data/meetup_members.json,data/twitter_followers.json
21.0,0.8258772492408752,99917952.0,360634924.0,data/meetup_members.json,data/twitter_followers.json
22.0,0.8236579895019531,17411971.0,36437723.0,data/meetup_members.json,data/twitter_followers.json
23.0,0.8169248700141907,14312800.0,27843808.0,data/meetup_members.json,data/twitter_followers.json
24.0,0.7991111278533936,3982252.0,1355436800.0,data/meetup_members.json,data/twitter_followers.json
25.0,0.7968736290931702,12344299.0,10282962.0,data/meetup_members.json,data/twitter_followers.json
26.0,0.7922082543373108,66971512.0,17427688.0,data/meetup_members.json,data/twitter_followers.json
27.0,0.7792860865592957,75331052.0,371901346.0,data/meetup_members.json,data/twitter_followers.json
28.0,0.7771098017692566,81353542.0,240723622.0,data/meetup_members.json,data/twitter_followers.json
29.0,0.7594228386878967,13583774.0,23438678.0,data/meetup_members.json,data/twitter_followers.json
30.0,0.7577526569366455,47818912.0,14847675.0,data/meetup_members.json,data/twitter_followers.json
31.0,0.745887279510498,181427022.0,119536337.0,data/meetup_members.json,data/twitter_followers.json
32.0,0.7389400601387024,177685822.0,150347590.0,data/meetup_members.json,data/twitter_followers.json
33.0,0.7352206707000732,148746972.0,53134290.0,data/meetup_members.json,data/twitter_followers.json
34.0,0.7244825959205627,12011183.0,42866326.0,data/meetup_members.json,data/twitter_followers.json
35.0,0.7187537550926208,12066555.0,16234978.0,data/meetup_members.json,data/twitter_followers.json
36.0,0.7183104753494263,42785002.0,21317900.0,data/meetup_members.json,data/twitter_followers.json
37.0,0.7167786359786987,176109532.0,107096165.0,data/meetup_members.json,data/twitter_followers.json
38.0,0.7146969437599182,169086172.0,299013230.0,data/meetup_members.json,data/twitter_followers.json
39.0,0.7128221392631531,64009222.0,164301991.0,data/meetup_members.json,data/twitter_followers.json
40.0,0.7096803784370422,67915672.0,510515624.0,data/meetup_members.json,data/twitter_followers.json
41.0,0.7000192999839783,157841602.0,2778048085.0,data/meetup_members.json,data/twitter_followers.json
42.0,0.6952954530715942,124512452.0,234897602.0,data/meetup_members.json,data/twitter_followers.json
43.0,0.6937074661254883,101906462.0,39259801.0,data/meetup_members.json,data/twitter_followers.json
44.0,0.6933902502059937,128966942.0,16882267.0,data/meetup_members.json,data/twitter_followers.json
45.0,0.6911091208457947,57293552.0,115080251.0,data/meetup_members.json,data/twitter_followers.json
46.0,0.6865054368972778,60882242.0,117735211.0,data/meetup_members.json,data/twitter_followers.json
47.0,0.6852661371231079,89353212.0,286589721.0,data/meetup_members.json,data/twitter_followers.json
48.0,0.6803826689720154,8772712.0,22246227.0,data/meetup_members.json,data/twitter_followers.json
49.0,0.6759869456291199,144444742.0,631946527.0,data/meetup_members.json,data/twitter_followers.json
50.0,0.6675388813018799,31886602.0,357548180.0,data/meetup_members.json,data/twitter_followers.json
51.0,0.664038360118866,174488662.0,222089293.0,data/meetup_members.json,data/twitter_followers.json
52.0,0.6625912189483643,78668262.0,1418883787.0,data/meetup_members.json,data/twitter_followers.json
53.0,0.6625912189483643,127118902.0,93954108.0,data/meetup_members.json,data/twitter_followers.json
54.0,0.6625912189483643,179085522.0,245369934.0,data/meetup_members.json,data/twitter_followers.json
55.0,0.6625912189483643,129062822.0,170774577.0,data/meetup_members.json,data/twitter_followers.json
56.0,0.6625912189483643,36264742.0,634191743.0,data/meetup_members.json,data/twitter_followers.json
57.0,0.6625912189483643,28524592.0,378714360.0,data/meetup_members.json,data/twitter_followers.json
58.0,0.6625912189483643,85778192.0,1053395281.0,data/meetup_members.json,data/twitter_followers.json
59.0,0.6625912189483643,122611142.0,1425389930.0,data/meetup_members.json,data/twitter_followers.json
60.0,0.6518995761871338,104685422.0,133727189.0,data/meetup_members.json,data/twitter_followers.json
61.0,0.6467920541763306,51372272.0,143050733.0,data/meetup_members.json,data/twitter_followers.json
62.0,0.6402008533477783,4840688.0,17275384.0,data/meetup_members.json,data/twitter_followers.json
63.0,0.6371544003486633,53521902.0,625398773.0,data/meetup_members.json,data/twitter_followers.json
64.0,0.6305537223815918,125583122.0,16272718.0,data/meetup_members.json,data/twitter_followers.json
65.0,0.6253975629806519,79192092.0,97508662.0,data/meetup_members.json,data/twitter_followers.json
66.0,0.6179794669151306,158435822.0,828982261.0,data/meetup_members.json,data/twitter_followers.json
67.0,0.6119258999824524,94881322.0,2822509690.0,data/meetup_members.json,data/twitter_followers.json
68.0,0.6108924746513367,151198542.0,211802710.0,data/meetup_members.json,data/twitter_followers.json
69.0,0.6091656684875488,156328722.0,51698563.0,data/meetup_members.json,data/twitter_followers.json
70.0,0.6063011884689331,139190342.0,348382670.0,data/meetup_members.json,data/twitter_followers.json
71.0,0.6024095416069031,79835232.0,30441273.0,data/meetup_members.json,data/twitter_followers.json
72.0,0.6024095416069031,145475182.0,162335516.0,data/meetup_members.json,data/twitter_followers.json
73.0,0.595513641834259,69374042.0,395947679.0,data/meetup_members.json,data/twitter_followers.json
74.0,0.5923526883125305,96706892.0,19536668.0,data/meetup_members.json,data/twitter_followers.json
75.0,0.5832650661468506,178076222.0,4926751.0,data/meetup_members.json,data/twitter_followers.json
76.0,0.5819436311721802,71297022.0,1464228344.0,data/meetup_members.json,data/twitter_followers.json
77.0,0.5798376798629761,110622992.0,144150889.0,data/meetup_members.json,data/twitter_followers.json
78.0,0.5680875182151794,2136407.0,1574929616.0,data/meetup_members.json,data/twitter_followers.json
79.0,0.5680875182151794,147878022.0,2542067606.0,data/meetup_members.json,data/twitter_followers.json
80.0,0.5594417452812195,136319232.0,14732592.0,data/meetup_members.json,data/twitter_followers.json
81.0,0.5582274794578552,180858952.0,2164371684.0,data/meetup_members.json,data/twitter_followers.json
82.0,0.5560969710350037,74650812.0,116215710.0,data/meetup_members.json,data/twitter_followers.json
83.0,0.5506559014320374,128252862.0,370013725.0,data/meetup_members.json,data/twitter_followers.json
84.0,0.5487917065620422,151346732.0,117185362.0,data/meetup_members.json,data/twitter_followers.json
85.0,0.5473564267158508,5856942.0,28569969.0,data/meetup_members.json,data/twitter_followers.json
86.0,0.5412489175796509,7905923.0,22129491.0,data/meetup_members.json,data/twitter_followers.json
87.0,0.5165921449661255,169056802.0,293483768.0,data/meetup_members.json,data/twitter_followers.json
88.0,0.5112956762313843,14283231.0,122037860.0,data/meetup_members.json,data/twitter_followers.json
89.0,0.5038596391677856,109289402.0,885208519.0,data/meetup_members.json,data/twitter_followers.json
90.0,0.5027686357498169,5385162.0,12694362.0,data/meetup_members.json,data/twitter_followers.json
91.0,0.48237115144729614,94760522.0,81647843.0,data/meetup_members.json,data/twitter_followers.json
92.0,0.4652279317378998,37618442.0,220935325.0,data/meetup_members.json,data/twitter_followers.json
93.0,0.4641033411026001,97786042.0,2204469501.0,data/meetup_members.json,data/twitter_followers.json
94.0,0.45594725012779236,104671612.0,54172809.0,data/meetup_members.json,data/twitter_followers.json
95.0,0.44110628962516785,128929582.0,158267577.0,data/meetup_members.json,data/twitter_followers.json
96.0,0.4400555491447449,127507222.0,18797945.0,data/meetup_members.json,data/twitter_followers.json
97.0,0.4334273636341095,177706932.0,114863821.0,data/meetup_members.json,data/twitter_followers.json
98.0,0.4244576394557953,176950152.0,409323222.0,data/meetup_members.json,data/twitter_followers.json
99.0,0.4179583191871643,75821612.0,21582543.0,data/meetup_members.json,data/twitter_followers.json
100.0,0.41784194111824036,34666092.0,395484659.0,data/meetup_members.json,data/twitter_followers.json
101.0,0.4167429804801941,97741952.0,2193035915.0,data/meetup_members.json,data/twitter_followers.json
102.0,0.400539755821228,165957472.0,15123856.0,data/meetup_members.json,data/twitter_followers.json
103.0,0.3938763439655304,9253061.0,2214285223.0,data/meetup_members.json,data/twitter_followers.json
104.0,0.366665780544281,144088252.0,195074570.0,data/meetup_members.json,data/twitter_followers.json
105.0,0.35567787289619446,149956472.0,870087343.0,data/meetup_members.json,data/twitter_followers.json
106.0,0.3447805941104889,144343072.0,285029106.0,data/meetup_members.json,data/twitter_followers.json
107.0,0.3282025456428528,150854992.0,351629600.0,data/meetup_members.json,data/twitter_followers.json
108.0,0.3250647485256195,173272282.0,1344430584.0,data/meetup_members.json,data/twitter_followers.json
109.0,0.318852037191391,144074112.0,47046874.0,data/meetup_members.json,data/twitter_followers.json
110.0,0.282678484916687,146393742.0,96602539.0,data/meetup_members.json,data/twitter_followers.json
111.0,0.27721118927001953,144447192.0,280560127.0,data/meetup_members.json,data/twitter_followers.json
112.0,0.2740163505077362,13759503.0,90410381.0,data/meetup_members.json,data/twitter_followers.json
113.0,0.27369603514671326,113770212.0,810551516.0,data/meetup_members.json,data/twitter_followers.json
114.0,0.27152782678604126,171395032.0,487696893.0,data/meetup_members.json,data/twitter_followers.json
115.0,0.2588813602924347,105221022.0,376709283.0,data/meetup_members.json,data/twitter_followers.json
116.0,0.24388614296913147,85927352.0,22639096.0,data/meetup_members.json,data/twitter_followers.json
117.0,0.23030667006969452,162521822.0,401277688.0,data/meetup_members.json,data/twitter_followers.json
118.0,0.22562244534492493,148274442.0,2248279334.0,data/meetup_members.json,data/twitter_followers.json
119.0,0.22385820746421814,174179152.0,386576356.0,data/meetup_members.json,data/twitter_followers.json
120.0,0.20253407955169678,87305972.0,91937125.0,data/meetup_members.json,data/twitter_followers.json
121.0,0.19918885827064514,66522152.0,1363780765.0,data/meetup_members.json,data/twitter_followers.json
122.0,0.18726371228694916,81270922.0,38636852.0,data/meetup_members.json,data/twitter_followers.json
123.0,0.18576942384243011,32824762.0,20847695.0,data/meetup_members.json,data/twitter_followers.json
124.0,0.1666068583726883,136759572.0,97185189.0,data/meetup_members.json,data/twitter_followers.json
125.0,0.16182811558246613,149932882.0,38670441.0,data/meetup_members.json,data/twitter_followers.json
126.0,0.15551060438156128,12829906.0,1001910961.0,data/meetup_members.json,data/twitter_followers.json
127.0,0.14739404618740082,144740782.0,16450004.0,data/meetup_members.json,data/twitter_followers.json
128.0,0.13432420790195465,180296172.0,581840371.0,data/meetup_members.json,data/twitter_followers.json
129.0,0.13169334828853607,141627532.0,191969274.0,data/meetup_members.json,data/twitter_followers.json
130.0,0.12504349648952484,134499532.0,87269681.0,data/meetup_members.json,data/twitter_followers.json
131.0,0.11966467648744583,148482652.0,1377178488.0,data/meetup_members.json,data/twitter_followers.json
132.0,0.1182439848780632,100754822.0,36371437.0,data/meetup_members.json,data/twitter_followers.json
133.0,0.11636343598365784,67284802.0,122169430.0,data/meetup_members.json,data/twitter_followers.json
134.0,0.10645127296447754,70275612.0,399493155.0,data/meetup_members.json,data/twitter_followers.json
135.0,0.10241082310676575,103837772.0,240991194.0,data/meetup_members.json,data/twitter_followers.json
136.0,0.09076793491840363,95188192.0,2849519394.0,data/meetup_members.json,data/twitter_followers.json
137.0,0.08955736458301544,97805912.0,937183970.0,data/meetup_members.json,data/twitter_followers.json
138.0,0.08037136495113373,95390362.0,281487045.0,data/meetup_members.json,data/twitter_followers.json
139.0,0.08037136495113373,99688472.0,2587197306.0,data/meetup_members.json,data/twitter_followers.json
140.0,0.07907329499721527,172100112.0,56070628.0,data/meetup_members.json,data/twitter_followers.json
141.0,0.07806266844272614,163660172.0,507726568.0,data/meetup_members.json,data/twitter_followers.json
142.0,0.07677647471427917,177556862.0,15585285.0,data/meetup_members.json,data/twitter_followers.json
143.0,0.07220841199159622,93694882.0,13512142.0,data/meetup_members.json,data/twitter_followers.json
144.0,0.07132785767316818,8300633.0,1249112263.0,data/meetup_members.json,data/twitter_followers.json
145.0,0.07091943919658661,105528102.0,21187977.0,data/meetup_members.json,data/twitter_followers.json
146.0,0.06482856720685959,72177942.0,14088382.0,data/meetup_members.json,data/twitter_followers.json
147.0,0.06201322376728058,140237862.0,94057199.0,data/meetup_members.json,data/twitter_followers.json
148.0,0.05731043219566345,156664182.0,375850601.0,data/meetup_members.json,data/twitter_followers.json
149.0,0.05726628750562668,177701392.0,255906125.0,data/meetup_members.json,data/twitter_followers.json
150.0,0.056212328374385834,121178212.0,399572036.0,data/meetup_members.json,data/twitter_followers.json
151.0,0.050275664776563644,158847532.0,477706983.0,data/meetup_members.json,data/twitter_followers.json
152.0,0.049453333020210266,17577031.0,2365454598.0,data/meetup_members.json,data/twitter_followers.json
153.0,0.04837491363286972,166912442.0,18212093.0,data/meetup_members.json,data/twitter_followers.json
154.0,0.04659222811460495,137106772.0,121347077.0,data/meetup_members.json,data/twitter_followers.json
155.0,0.04368703067302704,166525572.0,42584365.0,data/meetup_members.json,data/twitter_followers.json
156.0,0.042953357100486755,141455102.0,545877973.0,data/meetup_members.json,data/twitter_followers.json
157.0,0.04112521931529045,157655462.0,1291325028.0,data/meetup_members.json,data/twitter_followers.json
158.0,0.036969706416130066,141455042.0,1008554088.0,data/meetup_members.json,data/twitter_followers.json
159.0,0.03690742328763008,81714322.0,345265619.0,data/meetup_members.json,data/twitter_followers.json
160.0,0.03584443777799606,152155332.0,190321954.0,data/meetup_members.json,data/twitter_followers.json
161.0,0.03538169711828232,141766232.0,1712661409.0,data/meetup_members.json,data/twitter_followers.json
162.0,0.03485480323433876,46328962.0,2651365423.0,data/meetup_members.json,data/twitter_followers.json
163.0,0.03386775404214859,161511762.0,295640443.0,data/meetup_members.json,data/twitter_followers.json
164.0,0.03203992918133736,133947892.0,305717714.0,data/meetup_members.json,data/twitter_followers.json
165.0,0.03121834434568882,136781602.0,140119151.0,data/meetup_members.json,data/twitter_followers.json
166.0,0.030129030346870422,180837182.0,65842157.0,data/meetup_members.json,data/twitter_followers.json
167.0,0.029753249138593674,148581192.0,133414630.0,data/meetup_members.json,data/twitter_followers.json
168.0,0.029575573280453682,78380302.0,23943026.0,data/meetup_members.json,data/twitter_followers.json
169.0,0.029317863285541534,177684262.0,2591417401.0,data/meetup_members.json,data/twitter_followers.json
170.0,0.027517303824424744,153602822.0,174654753.0,data/meetup_members.json,data/twitter_followers.json
171.0,0.026820989325642586,156884912.0,788628.0,data/meetup_members.json,data/twitter_followers.json
172.0,0.02332957461476326,174273182.0,326114390.0,data/meetup_members.json,data/twitter_followers.json
173.0,0.022710053250193596,110813692.0,16419323.0,data/meetup_members.json,data/twitter_followers.json
174.0,0.022647563368082047,36226642.0,236080726.0,data/meetup_members.json,data/twitter_followers.json
175.0,0.02242150530219078,143382822.0,13049522.0,data/meetup_members.json,data/twitter_followers.json
176.0,0.02168845199048519,113531692.0,333427750.0,data/meetup_members.json,data/twitter_followers.json
177.0,0.02135024033486843,142769162.0,242962039.0,data/meetup_members.json,data/twitter_followers.json
178.0,0.021044032648205757,128598002.0,462264191.0,data/meetup_members.json,data/twitter_followers.json
179.0,0.020517315715551376,10137018.0,233491567.0,data/meetup_members.json,data/twitter_followers.json
180.0,0.01993964985013008,103795812.0,87970549.0,data/meetup_members.json,data/twitter_followers.json
181.0,0.019757425412535667,129657162.0,191033072.0,data/meetup_members.json,data/twitter_followers.json
182.0,0.019710253924131393,152289122.0,199205276.0,data/meetup_members.json,data/twitter_followers.json
183.0,0.019124487414956093,12923455.0,25051877.0,data/meetup_members.json,data/twitter_followers.json
184.0,0.018946489319205284,133433512.0,285499386.0,data/meetup_members.json,data/twitter_followers.json
185.0,0.018078604713082314,153660122.0,272048750.0,data/meetup_members.json,data/twitter_followers.json
186.0,0.01804771088063717,21184891.0,976588716.0,data/meetup_members.json,data/twitter_followers.json
187.0,0.017313506454229355,71301442.0,888903679.0,data/meetup_members.json,data/twitter_followers.json
188.0,0.017197472974658012,176951902.0,98681867.0,data/meetup_members.json,data/twitter_followers.json
189.0,0.01707635074853897,108897232.0,60361562.0,data/meetup_members.json,data/twitter_followers.json
190.0,0.016618940979242325,8965827.0,2485229282.0,data/meetup_members.json,data/twitter_followers.json
191.0,0.016093768179416656,126931192.0,486220433.0,data/meetup_members.json,data/twitter_followers.json
192.0,0.015785042196512222,12704387.0,88468323.0,data/meetup_members.json,data/twitter_followers.json
193.0,0.014988444745540619,173482882.0,45312339.0,data/meetup_members.json,data/twitter_followers.json
194.0,0.014525922015309334,174473162.0,16671923.0,data/meetup_members.json,data/twitter_followers.json
195.0,0.014454959891736507,9647541.0,17427748.0,data/meetup_members.json,data/twitter_followers.json
196.0,0.014423750340938568,141267762.0,237410813.0,data/meetup_members.json,data/twitter_followers.json
197.0,0.012485513463616371,82796292.0,258974912.0,data/meetup_members.json,data/twitter_followers.json
198.0,0.012393537908792496,88016622.0,1491737586.0,data/meetup_members.json,data/twitter_followers.json
199.0,0.012017035856842995,166106732.0,94530419.0,data/meetup_members.json,data/twitter_followers.json
200.0,0.011784623377025127,142995202.0,143077223.0,data/meetup_members.json,data/twitter_followers.json
201.0,0.011574115604162216,110632522.0,131200377.0,data/meetup_members.json,data/twitter_followers.json
202.0,0.011481920257210732,123340112.0,295567491.0,data/meetup_members.json,data/twitter_followers.json
203.0,0.010924403555691242,176147672.0,196586129.0,data/meetup_members.json,data/twitter_followers.json
204.0,0.010856286622583866,163050142.0,24908823.0,data/meetup_members.json,data/twitter_followers.json
205.0,0.010799509473145008,110181472.0,17313824.0,data/meetup_members.json,data/twitter_followers.json
206.0,0.01062051858752966,6315799.0,799712594.0,data/meetup_members.json,data/twitter_followers.json
207.0,0.010459864512085915,134351732.0,3893631.0,data/meetup_members.json,data/twitter_followers.json
208.0,0.010328986681997776,156479892.0,9070372.0,data/meetup_members.json,data/twitter_followers.json
209.0,0.010295203886926174,176498882.0,315188516.0,data/meetup_members.json,data/twitter_followers.json
210.0,0.010173555463552475,139848532.0,868637460.0,data/meetup_members.json,data/twitter_followers.json
211.0,0.009609617292881012,170343852.0,114213906.0,data/meetup_members.json,data/twitter_followers.json
212.0,0.00891033187508583,137528972.0,172105933.0,data/meetup_members.json,data/twitter_followers.json
213.0,0.008711223490536213,128504352.0,2848131616.0,data/meetup_members.json,data/twitter_followers.json
214.0,0.008339053019881248,80483222.0,81326030.0,data/meetup_members.json,data/twitter_followers.json
215.0,0.008155026473104954,152321892.0,307428389.0,data/meetup_members.json,data/twitter_followers.json
216.0,0.008052660152316093,8680400.0,2714490743.0,data/meetup_members.json,data/twitter_followers.json
217.0,0.006963676307350397,148309202.0,1637972918.0,data/meetup_members.json,data/twitter_followers.json
218.0,0.006917444057762623,147159292.0,4334581.0,data/meetup_members.json,data/twitter_followers.json
219.0,0.006800420582294464,44418712.0,73198210.0,data/meetup_members.json,data/twitter_followers.json
220.0,0.006762939039617777,178293902.0,1389810517.0,data/meetup_members.json,data/twitter_followers.json
221.0,0.006334787700325251,33225402.0,334357232.0,data/meetup_members.json,data/twitter_followers.json
222.0,0.006274377927184105,90076362.0,93311610.0,data/meetup_members.json,data/twitter_followers.json
223.0,0.006022556684911251,144468852.0,80671509.0,data/meetup_members.json,data/twitter_followers.json
224.0,0.0060018147341907024,32761262.0,86282892.0,data/meetup_members.json,data/twitter_followers.json
225.0,0.005735896062105894,171837032.0,1103738982.0,data/meetup_members.json,data/twitter_followers.json
226.0,0.004412731155753136,150765482.0,2401887103.0,data/meetup_members.json,data/twitter_followers.json
227.0,0.0037336295936256647,117740202.0,12160482.0,data/meetup_members.json,data/twitter_followers.json
228.0,0.003575360868126154,13783380.0,34127592.0,data/meetup_members.json,data/twitter_followers.json
229.0,0.003526804968714714,112776452.0,88962039.0,data/meetup_members.json,data/twitter_followers.json
230.0,0.003446052549406886,94461382.0,497890014.0,data/meetup_members.json,data/twitter_followers.json
231.0,0.0034151896834373474,82295492.0,158813255.0,data/meetup_members.json,data/twitter_followers.json
232.0,0.003262959886342287,9489021.0,20905788.0,data/meetup_members.json,data/twitter_followers.json
233.0,0.003240397199988365,160529792.0,2731688636.0,data/meetup_members.json,data/twitter_followers.json
234.0,0.0031008748337626457,69067042.0,338413080.0,data/meetup_members.json,data/twitter_followers.json
235.0,0.0029952952172607183,128076602.0,952271.0,data/meetup_members.json,data/twitter_followers.json
236.0,0.0025886825751513243,122538372.0,269874719.0,data/meetup_members.json,data/twitter_followers.json
237.0,0.002358389552682638,147998142.0,361875312.0,data/meetup_members.json,data/twitter_followers.json
238.0,0.0021170806139707565,152890942.0,234337798.0,data/meetup_members.json,data/twitter_followers.json
239.0,0.0015867148758843541,158840292.0,60014176.0,data/meetup_members.json,data/twitter_followers.json
240.0,0.001507889828644693,57792562.0,902464315.0,data/meetup_members.json,data/twitter_followers.json
241.0,0.0014888374134898186,34313412.0,38844776.0,data/meetup_members.json,data/twitter_followers.json
242.0,0.0013935454189777374,55138782.0,1484798838.0,data/meetup_members.json,data/twitter_followers.json
243.0,0.0013159773079678416,131727972.0,714337530.0,data/meetup_members.json,data/twitter_followers.json
244.0,0.001106050331145525,66519762.0,117553058.0,data/meetup_members.json,data/twitter_followers.json
245.0,0.0008570860372856259,13584829.0,493939197.0,data/meetup_members.json,data/twitter_followers.json
246.0,0.0008395844488404691,110536052.0,74999100.0,data/meetup_members.json,data/twitter_followers.json
247.0,0.0007519988575950265,128088512.0,304914777.0,data/meetup_members.json,data/twitter_followers.json
248.0,0.0005836112541146576,21865691.0,89662057.0,data/meetup_members.json,data/twitter_followers.json
249.0,0.0005480305990204215,59693202.0,299141380.0,data/meetup_members.json,data/twitter_followers.json
250.0,0.0004767134669236839,14854551.0,333061535.0,data/meetup_members.json,data/twitter_followers.json
251.0,0.00035775703145191073,142393952.0,14141553.0,data/meetup_members.json,data/twitter_followers.json
252.0,0.00023271780810318887,163658442.0,22351059.0,data/meetup_members.json,data/twitter_followers.json
253.0,3.993531936430372e-05,166459632.0,17135350.0,data/meetup_members.json,data/twitter_followers.json
254.0,3.9556693081976846e-05,9700086.0,446389218.0,data/meetup_members.json,data/twitter_followers.json
255.0,,126624092.0,,data/meetup_members.json,
256.0,,3459078.0,,data/meetup_members.json,
257.0,,13291219.0,,data/meetup_members.json,
258.0,,152297832.0,,data/meetup_members.json,
259.0,,140817262.0,,data/meetup_members.json,
260.0,,174107872.0,,data/meetup_members.json,
261.0,,138751022.0,,data/meetup_members.json,
262.0,,148277582.0,,data/meetup_members.json,
263.0,,149754542.0,,data/meetup_members.json,
264.0,,137236372.0,,data/meetup_members.json,
265.0,,135602062.0,,data/meetup_members.json,
266.0,,152139252.0,,data/meetup_members.json,
267.0,,81450612.0,,data/meetup_members.json,
268.0,,29229652.0,,data/meetup_members.json,
269.0,,156998612.0,,data/meetup_members.json,
270.0,,4958802.0,,data/meetup_members.json,
271.0,,146924862.0,,data/meetup_members.json,
272.0,,137803972.0,,data/meetup_members.json,
273.0,,146651962.0,,data/meetup_members.json,
274.0,,99643772.0,,data/meetup_members.json,
275.0,,70158962.0,,data/meetup_members.json,
276.0,,177717172.0,,data/meetup_members.json,
277.0,,144761282.0,,data/meetup_members.json,
278.0,,140398572.0,,data/meetup_members.json,
279.0,,127102952.0,,data/meetup_members.json,
280.0,,95215582.0,,data/meetup_members.json,
281.0,,177241932.0,,data/meetup_members.json,
282.0,,157314532.0,,data/meetup_members.json,
283.0,,173499752.0,,data/meetup_members.json,
284.0,,179094772.0,,data/meetup_members.json,
285.0,,171857082.0,,data/meetup_members.json,
286.0,,145828082.0,,data/meetup_members.json,
287.0,,60197672.0,,data/meetup_members.json,
288.0,,124550912.0,,data/meetup_members.json,
289.0,,166139952.0,,data/meetup_members.json,
290.0,,177192602.0,,data/meetup_members.json,
291.0,,124663862.0,,data/meetup_members.json,
292.0,,115052642.0,,data/meetup_members.json,
293.0,,79613622.0,,data/meetup_members.json,
294.0,,133770902.0,,data/meetup_members.json,
295.0,,106425012.0,,data/meetup_members.json,
296.0,,12353287.0,,data/meetup_members.json,
297.0,,175664402.0,,data/meetup_members.json,
298.0,,9593252.0,,data/meetup_members.json,
299.0,,56975472.0,,data/meetup_members.json,
300.0,,177700222.0,,data/meetup_members.json,
301.0,,173303592.0,,data/meetup_members.json,
302.0,,10500367.0,,data/meetup_members.json,
303.0,,152116992.0,,data/meetup_members.json,
304.0,,144869952.0,,data/meetup_members.json,
305.0,,156291442.0,,data/meetup_members.json,
306.0,,144443702.0,,data/meetup_members.json,
307.0,,147880522.0,,data/meetup_members.json,
308.0,,148970392.0,,data/meetup_members.json,
309.0,,179322282.0,,data/meetup_members.json,
310.0,,147419502.0,,data/meetup_members.json,
311.0,,165031792.0,,data/meetup_members.json,
312.0,,137080552.0,,data/meetup_members.json,
313.0,,115729052.0,,data/meetup_members.json,
314.0,,176917692.0,,data/meetup_members.json,
315.0,,177706232.0,,data/meetup_members.json,
316.0,,13476993.0,,data/meetup_members.json,
317.0,,81578152.0,,data/meetup_members.json,
318.0,,39056532.0,,data/meetup_members.json,
319.0,,81722912.0,,data/meetup_members.json,
320.0,,180749312.0,,data/meetup_members.json,
321.0,,151482412.0,,data/meetup_members.json,
322.0,,8425402.0,,data/meetup_members.json,
323.0,,13789296.0,,data/meetup_members.json,
324.0,,122970512.0,,data/meetup_members.json,
325.0,,145653392.0,,data/meetup_members.json,
326.0,,88587852.0,,data/meetup_members.json,
327.0,,157785492.0,,data/meetup_members.json,
328.0,,13574158.0,,data/meetup_members.json,
329.0,,165378862.0,,data/meetup_members.json,
330.0,,177375982.0,,data/meetup_members.json,
331.0,,83309282.0,,data/meetup_members.json,
332.0,,6168062.0,,data/meetup_members.json,
333.0,,170571492.0,,data/meetup_members.json,
334.0,,137080782.0,,data/meetup_members.json,
335.0,,97285512.0,,data/meetup_members.json,
336.0,,158206812.0,,data/meetup_members.json,
337.0,,177687122.0,,data/meetup_members.json,
338.0,,170199122.0,,data/meetup_members.json,
339.0,,55042992.0,,data/meetup_members.json,
340.0,,55249182.0,,data/meetup_members.json,
341.0,,176063262.0,,data/meetup_members.json,
342.0,,166110882.0,,data/meetup_members.json,
343.0,,144082652.0,,data/meetup_members.json,
344.0,,152285222.0,,data/meetup_members.json,
345.0,,180444862.0,,data/meetup_members.json,
346.0,,155059462.0,,data/meetup_members.json,
347.0,,173646662.0,,data/meetup_members.json,
348.0,,57535322.0,,data/meetup_members.json,
349.0,,130785442.0,,data/meetup_members.json,
350.0,,14009214.0,,data/meetup_members.json,
351.0,,88863752.0,,data/meetup_members.json,
352.0,,75380612.0,,data/meetup_members.json,
353.0,,36232862.0,,data/meetup_members.json,
354.0,,26450582.0,,data/meetup_members.json,
355.0,,33335502.0,,data/meetup_members.json,
356.0,,13484313.0,,data/meetup_members.json,
357.0,,33105502.0,,data/meetup_members.json,
358.0,,65218312.0,,data/meetup_members.json,
359.0,,98309072.0,,data/meetup_members.json,
360.0,,174265182.0,,data/meetup_members.json,
361.0,,68748082.0,,data/meetup_members.json,
362.0,,161402232.0,,data/meetup_members.json,
363.0,,180135402.0,,data/meetup_members.json,
364.0,,153144812.0,,data/meetup_members.json,
365.0,,85107482.0,,data/meetup_members.json,
366.0,,124928902.0,,data/meetup_members.json,
367.0,,123720222.0,,data/meetup_members.json,
368.0,,88721062.0,,data/meetup_members.json,
369.0,,149900132.0,,data/meetup_members.json,
370.0,,92311442.0,,data/meetup_members.json,
371.0,,161253052.0,,data/meetup_members.json,
372.0,,149580532.0,,data/meetup_members.json,
373.0,,8551189.0,,data/meetup_members.json,
374.0,,24254552.0,,data/meetup_members.json,
375.0,,101820602.0,,data/meetup_members.json,
376.0,,148601782.0,,data/meetup_members.json,
377.0,,171237722.0,,data/meetup_members.json,
378.0,,12377728.0,,data/meetup_members.json,
379.0,,127183062.0,,data/meetup_members.json,
380.0,,156345232.0,,data/meetup_members.json,
381.0,,133701242.0,,data/meetup_members.json,
382.0,,28949392.0,,data/meetup_members.json,
383.0,,119559782.0,,data/meetup_members.json,
384.0,,155669082.0,,data/meetup_members.json,
385.0,,86316702.0,,data/meetup_members.json,
386.0,,122015932.0,,data/meetup_members.json,
387.0,,122118122.0,,data/meetup_members.json,
388.0,,91470632.0,,data/meetup_members.json,
389.0,,166916522.0,,data/meetup_members.json,
390.0,,9916188.0,,data/meetup_members.json,
391.0,,169555662.0,,data/meetup_members.json,
392.0,,64050642.0,,data/meetup_members.json,
393.0,,122848232.0,,data/meetup_members.json,
394.0,,150838782.0,,data/meetup_members.json,
395.0,,151929562.0,,data/meetup_members.json,
396.0,,143332642.0,,data/meetup_members.json,
397.0,,57864092.0,,data/meetup_members.json,
398.0,,128892992.0,,data/meetup_members.json,
399.0,,150744272.0,,data/meetup_members.json,
400.0,,161337992.0,,data/meetup_members.json,
401.0,,134914952.0,,data/meetup_members.json,
402.0,,134572932.0,,data/meetup_members.json,
403.0,,94257652.0,,data/meetup_members.json,
404.0,,151603832.0,,data/meetup_members.json,
405.0,,146886752.0,,data/meetup_members.json,
406.0,,151037002.0,,data/meetup_members.json,
407.0,,14641166.0,,data/meetup_members.json,
408.0,,99834322.0,,data/meetup_members.json,
409.0,,119378802.0,,data/meetup_members.json,
410.0,,155505132.0,,data/meetup_members.json,
411.0,,163431502.0,,data/meetup_members.json,
412.0,,140601842.0,,data/meetup_members.json,
413.0,,92579272.0,,data/meetup_members.json,
414.0,,168457452.0,,data/meetup_members.json,
415.0,,177348502.0,,data/meetup_members.json,
416.0,,136667792.0,,data/meetup_members.json,
417.0,,120372392.0,,data/meetup_members.json,
418.0,,138928812.0,,data/meetup_members.json,
419.0,,157856512.0,,data/meetup_members.json,
420.0,,180276822.0,,data/meetup_members.json,
421.0,,143212452.0,,data/meetup_members.json,
422.0,,178932492.0,,data/meetup_members.json,
423.0,,163636492.0,,data/meetup_members.json,
424.0,,174806502.0,,data/meetup_members.json,
425.0,,2996200.0,,data/meetup_members.json,
426.0,,150849812.0,,data/meetup_members.json,
427.0,,151047182.0,,data/meetup_members.json,
428.0,,110786202.0,,data/meetup_members.json,
429.0,,145045942.0,,data/meetup_members.json,
430.0,,121286502.0,,data/meetup_members.json,
431.0,,133680552.0,,data/meetup_members.json,
432.0,,169623162.0,,data/meetup_members.json,
433.0,,147504372.0,,data/meetup_members.json,
434.0,,61017252.0,,data/meetup_members.json,
435.0,,178897662.0,,data/meetup_members.json,
436.0,,93415372.0,,data/meetup_members.json,
437.0,,151390392.0,,data/meetup_members.json,
438.0,,110193572.0,,data/meetup_members.json,
439.0,,126910242.0,,data/meetup_members.json,
440.0,,120556172.0,,data/meetup_members.json,
441.0,,173954342.0,,data/meetup_members.json,
442.0,,29037672.0,,data/meetup_members.json,
443.0,,12161810.0,,data/meetup_members.json,
444.0,,139421912.0,,data/meetup_members.json,
445.0,,178093952.0,,data/meetup_members.json,
446.0,,103189382.0,,data/meetup_members.json,
447.0,,131734942.0,,data/meetup_members.json,
448.0,,138336742.0,,data/meetup_members.json,
449.0,,11891775.0,,data/meetup_members.json,
450.0,,124466702.0,,data/meetup_members.json,
451.0,,164087022.0,,data/meetup_members.json,
452.0,,147513472.0,,data/meetup_members.json,
453.0,,60934762.0,,data/meetup_members.json,
454.0,,169249222.0,,data/meetup_members.json,
455.0,,137714502.0,,data/meetup_members.json,
456.0,,68948832.0,,data/meetup_members.json,
457.0,,134930612.0,,data/meetup_members.json,
458.0,,14313943.0,,data/meetup_members.json,
459.0,,128091352.0,,data/meetup_members.json,
460.0,,16668241.0,,data/meetup_members.json,
461.0,,155116762.0,,data/meetup_members.json,
462.0,,155301242.0,,data/meetup_members.json,
463.0,,139938692.0,,data/meetup_members.json,
464.0,,85214242.0,,data/meetup_members.json,
465.0,,102777862.0,,data/meetup_members.json,
466.0,,134275172.0,,data/meetup_members.json,
467.0,,66326472.0,,data/meetup_members.json,
468.0,,124514862.0,,data/meetup_members.json,
469.0,,173289172.0,,data/meetup_members.json,
470.0,,112132052.0,,data/meetup_members.json,
471.0,,,59436492.0,data/twitter_followers.json,
472.0,,,2407371577.0,data/twitter_followers.json,
473.0,,,2860873209.0,data/twitter_followers.json,
474.0,,,294326301.0,data/twitter_followers.json,
475.0,,,163864880.0,data/twitter_followers.json,
476.0,,,1484467140.0,data/twitter_followers.json,
477.0,,,186727469.0,data/twitter_followers.json,
478.0,,,263644365.0,data/twitter_followers.json,
479.0,,,216311273.0,data/twitter_followers.json,
480.0,,,2762669783.0,data/twitter_followers.json,
481.0,,,221684019.0,data/twitter_followers.json,
482.0,,,2831903637.0,data/twitter_followers.json,
483.0,,,52697162.0,data/twitter_followers.json,
484.0,,,2167334582.0,data/twitter_followers.json,
485.0,,,67312961.0,data/twitter_followers.json,
486.0,,,203541340.0,data/twitter_followers.json,
487.0,,,12984.0,data/twitter_followers.json,
488.0,,,631040321.0,data/twitter_followers.json,
489.0,,,246535772.0,data/twitter_followers.json,
490.0,,,135932268.0,data/twitter_followers.json,
491.0,,,2429589684.0,data/twitter_followers.json,
492.0,,,24686141.0,data/twitter_followers.json,
493.0,,,230086896.0,data/twitter_followers.json,
494.0,,,2797602696.0,data/twitter_followers.json,
495.0,,,2874109334.0,data/twitter_followers.json,
496.0,,,17289364.0,data/twitter_followers.json,
497.0,,,1144766852.0,data/twitter_followers.json,
498.0,,,27442082.0,data/twitter_followers.json,
499.0,,,105530526.0,data/twitter_followers.json,
500.0,,,2764425565.0,data/twitter_followers.json,
501.0,,,45105778.0,data/twitter_followers.json,
502.0,,,365384147.0,data/twitter_followers.json,
503.0,,,2790784323.0,data/twitter_followers.json,
504.0,,,2773550850.0,data/twitter_followers.json,
505.0,,,133193500.0,data/twitter_followers.json,
506.0,,,1265585922.0,data/twitter_followers.json,
507.0,,,30249176.0,data/twitter_followers.json,
508.0,,,2767245538.0,data/twitter_followers.json,
509.0,,,1088906990.0,data/twitter_followers.json,
510.0,,,2485845032.0,data/twitter_followers.json,
511.0,,,1145378708.0,data/twitter_followers.json,
512.0,,,2526035384.0,data/twitter_followers.json,
513.0,,,2749473354.0,data/twitter_followers.json,
514.0,,,14581017.0,data/twitter_followers.json,
515.0,,,2176953240.0,data/twitter_followers.json,
516.0,,,544016489.0,data/twitter_followers.json,
517.0,,,2487627326.0,data/twitter_followers.json,
518.0,,,14834651.0,data/twitter_followers.json,
519.0,,,2689734194.0,data/twitter_followers.json,
520.0,,,897780380.0,data/twitter_followers.json,
521.0,,,51212128.0,data/twitter_followers.json,
522.0,,,2757606038.0,data/twitter_followers.json,
523.0,,,2792578463.0,data/twitter_followers.json,
524.0,,,65346413.0,data/twitter_followers.json,
525.0,,,839735684.0,data/twitter_followers.json,
526.0,,,2829547095.0,data/twitter_followers.json,
527.0,,,201346710.0,data/twitter_followers.json,
528.0,,,13725152.0,data/twitter_followers.json,
529.0,,,2591506890.0,data/twitter_followers.json,
530.0,,,2251453506.0,data/twitter_followers.json,
531.0,,,2228313282.0,data/twitter_followers.json,
532.0,,,2408621129.0,data/twitter_followers.json,
533.0,,,2573096520.0,data/twitter_followers.json,
534.0,,,302134281.0,data/twitter_followers.json,
535.0,,,18897781.0,data/twitter_followers.json,
536.0,,,119495255.0,data/twitter_followers.json,
537.0,,,555258360.0,data/twitter_followers.json,
538.0,,,2786215183.0,data/twitter_followers.json,
539.0,,,143359364.0,data/twitter_followers.json,
540.0,,,14697773.0,data/twitter_followers.json,
541.0,,,19540355.0,data/twitter_followers.json,
542.0,,,320712122.0,data/twitter_followers.json,
543.0,,,165496837.0,data/twitter_followers.json,
544.0,,,1104402000.0,data/twitter_followers.json,
545.0,,,2252543936.0,data/twitter_followers.json,
546.0,,,23755643.0,data/twitter_followers.json,
547.0,,,1392035323.0,data/twitter_followers.json,
548.0,,,2837764503.0,data/twitter_followers.json,
549.0,,,140731253.0,data/twitter_followers.json,
550.0,,,564371039.0,data/twitter_followers.json,
551.0,,,2713412738.0,data/twitter_followers.json,
552.0,,,740245934.0,data/twitter_followers.json,
553.0,,,46081994.0,data/twitter_followers.json,
554.0,,,484575318.0,data/twitter_followers.json,
555.0,,,2264239050.0,data/twitter_followers.json,
556.0,,,16819278.0,data/twitter_followers.json,
557.0,,,2838235983.0,data/twitter_followers.json,
558.0,,,2837948457.0,data/twitter_followers.json,
559.0,,,27375578.0,data/twitter_followers.json,
560.0,,,2832321135.0,data/twitter_followers.json,
561.0,,,2797275488.0,data/twitter_followers.json,
562.0,,,20315919.0,data/twitter_followers.json,
563.0,,,47569639.0,data/twitter_followers.json,
564.0,,,84530942.0,data/twitter_followers.json,
565.0,,,1953911030.0,data/twitter_followers.json,
566.0,,,21888395.0,data/twitter_followers.json,
567.0,,,341643950.0,data/twitter_followers.json,
568.0,,,2389818972.0,data/twitter_followers.json,
569.0,,,2486120644.0,data/twitter_followers.json,
570.0,,,499735738.0,data/twitter_followers.json,
571.0,,,218955041.0,data/twitter_followers.json,
572.0,,,33854546.0,data/twitter_followers.json,
573.0,,,19139910.0,data/twitter_followers.json,
574.0,,,34944920.0,data/twitter_followers.json,
575.0,,,22020827.0,data/twitter_followers.json,
576.0,,,393561730.0,data/twitter_followers.json,
577.0,,,115658572.0,data/twitter_followers.json,
578.0,,,23744584.0,data/twitter_followers.json,
579.0,,,244223029.0,data/twitter_followers.json,
580.0,,,687693.0,data/twitter_followers.json,
581.0,,,246988312.0,data/twitter_followers.json,
582.0,,,1335121687.0,data/twitter_followers.json,
583.0,,,407931820.0,data/twitter_followers.json,
584.0,,,78933760.0,data/twitter_followers.json,
585.0,,,494023236.0,data/twitter_followers.json,
586.0,,,866145570.0,data/twitter_followers.json,
587.0,,,8981512.0,data/twitter_followers.json,
588.0,,,884699006.0,data/twitter_followers.json,
589.0,,,858950953.0,data/twitter_followers.json,
590.0,,,24317232.0,data/twitter_followers.json,
591.0,,,258990051.0,data/twitter_followers.json,
592.0,,,48844674.0,data/twitter_followers.json,
593.0,,,2829400275.0,data/twitter_followers.json,
594.0,,,867889794.0,data/twitter_followers.json,
595.0,,,2550788426.0,data/twitter_followers.json,
596.0,,,2466151736.0,data/twitter_followers.json,
597.0,,,2643945086.0,data/twitter_followers.json,
598.0,,,18831376.0,data/twitter_followers.json,
599.0,,,1967502697.0,data/twitter_followers.json,
600.0,,,752240846.0,data/twitter_followers.json,
601.0,,,309844997.0,data/twitter_followers.json,
602.0,,,2645669124.0,data/twitter_followers.json,
603.0,,,2511120264.0,data/twitter_followers.json,
604.0,,,75996987.0,data/twitter_followers.json,
605.0,,,2847673357.0,data/twitter_followers.json,
606.0,,,1018573140.0,data/twitter_followers.json,
607.0,,,19607115.0,data/twitter_followers.json,
608.0,,,620793090.0,data/twitter_followers.json,
609.0,,,2790091459.0,data/twitter_followers.json,
610.0,,,1124191800.0,data/twitter_followers.json,
611.0,,,70101744.0,data/twitter_followers.json,
612.0,,,497723862.0,data/twitter_followers.json,
613.0,,,18863913.0,data/twitter_followers.json,
614.0,,,2574302069.0,data/twitter_followers.json,
615.0,,,121205282.0,data/twitter_followers.json,
616.0,,,2840447491.0,data/twitter_followers.json,
617.0,,,22252516.0,data/twitter_followers.json,
618.0,,,133954572.0,data/twitter_followers.json,
619.0,,,1619767573.0,data/twitter_followers.json,
620.0,,,22133586.0,data/twitter_followers.json,
621.0,,,171607002.0,data/twitter_followers.json,
622.0,,,2824931272.0,data/twitter_followers.json,
623.0,,,1972828488.0,data/twitter_followers.json,
624.0,,,516288767.0,data/twitter_followers.json,
625.0,,,2759766112.0,data/twitter_followers.json,
626.0,,,16212250.0,data/twitter_followers.json,
627.0,,,912220146.0,data/twitter_followers.json,
628.0,,,17666253.0,data/twitter_followers.json,
629.0,,,19349858.0,data/twitter_followers.json,
630.0,,,280920664.0,data/twitter_followers.json,
631.0,,,46650586.0,data/twitter_followers.json,
632.0,,,2328188988.0,data/twitter_followers.json,
633.0,,,66994371.0,data/twitter_followers.json,
634.0,,,2489595012.0,data/twitter_followers.json,
635.0,,,241223922.0,data/twitter_followers.json,
636.0,,,2200591613.0,data/twitter_followers.json,
637.0,,,2785747602.0,data/twitter_followers.json,
638.0,,,16296863.0,data/twitter_followers.json,
639.0,,,24754667.0,data/twitter_followers.json,
640.0,,,374042245.0,data/twitter_followers.json,
641.0,,,761328656.0,data/twitter_followers.json,
642.0,,,50257745.0,data/twitter_followers.json,
643.0,,,1491230292.0,data/twitter_followers.json,
644.0,,,2526849612.0,data/twitter_followers.json,
645.0,,,185188683.0,data/twitter_followers.json,
646.0,,,2469281491.0,data/twitter_followers.json,
647.0,,,2416426093.0,data/twitter_followers.json,
648.0,,,265247049.0,data/twitter_followers.json,
649.0,,,2615152994.0,data/twitter_followers.json,
650.0,,,318288995.0,data/twitter_followers.json,
651.0,,,936773994.0,data/twitter_followers.json,
652.0,,,15019630.0,data/twitter_followers.json,
653.0,,,309015244.0,data/twitter_followers.json,
654.0,,,53379755.0,data/twitter_followers.json,
655.0,,,16931167.0,data/twitter_followers.json,
656.0,,,2584406988.0,data/twitter_followers.json,
657.0,,,214914330.0,data/twitter_followers.json,
658.0,,,126571779.0,data/twitter_followers.json,
659.0,,,39076916.0,data/twitter_followers.json,
660.0,,,2810868679.0,data/twitter_followers.json,
661.0,,,2555106187.0,data/twitter_followers.json,
662.0,,,297997008.0,data/twitter_followers.json,
663.0,,,2781058590.0,data/twitter_followers.json,
664.0,,,2409675732.0,data/twitter_followers.json,
665.0,,,235488866.0,data/twitter_followers.json,
666.0,,,134037758.0,data/twitter_followers.json,
667.0,,,2149124658.0,data/twitter_followers.json,
668.0,,,2668868658.0,data/twitter_followers.json,
669.0,,,43138606.0,data/twitter_followers.json,
670.0,,,72547791.0,data/twitter_followers.json,
671.0,,,2708957706.0,data/twitter_followers.json,
672.0,,,105870450.0,data/twitter_followers.json,
673.0,,,2791354850.0,data/twitter_followers.json,
674.0,,,21308798.0,data/twitter_followers.json,
675.0,,,12298812.0,data/twitter_followers.json,
676.0,,,167335623.0,data/twitter_followers.json,
677.0,,,2587051278.0,data/twitter_followers.json,
678.0,,,588500310.0,data/twitter_followers.json,
679.0,,,74112125.0,data/twitter_followers.json,
680.0,,,31350724.0,data/twitter_followers.json,
681.0,,,18759442.0,data/twitter_followers.json,
682.0,,,209472059.0,data/twitter_followers.json,
683.0,,,2835394657.0,data/twitter_followers.json,
684.0,,,274842146.0,data/twitter_followers.json,
685.0,,,486673993.0,data/twitter_followers.json,
686.0,,,59832483.0,data/twitter_followers.json,
687.0,,,53304614.0,data/twitter_followers.json,
688.0,,,511740616.0,data/twitter_followers.json,
689.0,,,957399673.0,data/twitter_followers.json,
690.0,,,140500260.0,data/twitter_followers.json,
691.0,,,30702052.0,data/twitter_followers.json,
692.0,,,2605251686.0,data/twitter_followers.json,
693.0,,,2428043126.0,data/twitter_followers.json,
694.0,,,14426771.0,data/twitter_followers.json,
695.0,,,817521084.0,data/twitter_followers.json,
696.0,,,202118752.0,data/twitter_followers.json,
697.0,,,2830247983.0,data/twitter_followers.json,
698.0,,,12705022.0,data/twitter_followers.json,
699.0,,,21038341.0,data/twitter_followers.json,
700.0,,,1685392363.0,data/twitter_followers.json,
701.0,,,205181330.0,data/twitter_followers.json,
702.0,,,25691911.0,data/twitter_followers.json,
703.0,,,65894962.0,data/twitter_followers.json,
704.0,,,17929114.0,data/twitter_followers.json,
705.0,,,23897312.0,data/twitter_followers.json,
706.0,,,33552858.0,data/twitter_followers.json,
707.0,,,2459709067.0,data/twitter_followers.json,
708.0,,,13202212.0,data/twitter_followers.json,
709.0,,,15165298.0,data/twitter_followers.json,
710.0,,,2190906684.0,data/twitter_followers.json,
711.0,,,363687747.0,data/twitter_followers.json,
712.0,,,20130988.0,data/twitter_followers.json,
713.0,,,132169885.0,data/twitter_followers.json,
714.0,,,309533058.0,data/twitter_followers.json,
715.0,,,17464188.0,data/twitter_followers.json,
716.0,,,1053684541.0,data/twitter_followers.json,
717.0,,,573938829.0,data/twitter_followers.json,
718.0,,,199759889.0,data/twitter_followers.json,
719.0,,,69935875.0,data/twitter_followers.json,
720.0,,,271484190.0,data/twitter_followers.json,
721.0,,,444072199.0,data/twitter_followers.json,
722.0,,,2656552789.0,data/twitter_followers.json,
723.0,,,59275999.0,data/twitter_followers.json,
724.0,,,1382477472.0,data/twitter_followers.json,
725.0,,,17672402.0,data/twitter_followers.json,
726.0,,,2813354394.0,data/twitter_followers.json,
727.0,,,2816908093.0,data/twitter_followers.json,
728.0,,,2192136253.0,data/twitter_followers.json,
729.0,,,635872013.0,data/twitter_followers.json,
730.0,,,1675471602.0,data/twitter_followers.json,
731.0,,,2807681672.0,data/twitter_followers.json,
732.0,,,2609283960.0,data/twitter_followers.json,
733.0,,,44103681.0,data/twitter_followers.json,
734.0,,,289831199.0,data/twitter_followers.json,
735.0,,,2219841242.0,data/twitter_followers.json,
736.0,,,2812423532.0,data/twitter_followers.json,
737.0,,,166645292.0,data/twitter_followers.json,
738.0,,,17943356.0,data/twitter_followers.json,
739.0,,,424300300.0,data/twitter_followers.json,
740.0,,,2669878394.0,data/twitter_followers.json,
741.0,,,2800616683.0,data/twitter_followers.json,
742.0,,,307328095.0,data/twitter_followers.json,
743.0,,,110988548.0,data/twitter_followers.json,
744.0,,,2565989413.0,data/twitter_followers.json,
745.0,,,2677556172.0,data/twitter_followers.json,
746.0,,,1655040343.0,data/twitter_followers.json,
747.0,,,177476304.0,data/twitter_followers.json,
748.0,,,91353054.0,data/twitter_followers.json,
749.0,,,27878038.0,data/twitter_followers.json,
750.0,,,167169119.0,data/twitter_followers.json,
751.0,,,200490897.0,data/twitter_followers.json,
752.0,,,229384580.0,data/twitter_followers.json,
753.0,,,2594619770.0,data/twitter_followers.json,
754.0,,,2474820182.0,data/twitter_followers.json,
755.0,,,1563549420.0,data/twitter_followers.json,
756.0,,,2292298224.0,data/twitter_followers.json,
757.0,,,130211596.0,data/twitter_followers.json,
758.0,,,2390299932.0,data/twitter_followers.json,
759.0,,,2363741.0,data/twitter_followers.json,
760.0,,,2767335294.0,data/twitter_followers.json,
761.0,,,520092867.0,data/twitter_followers.json,
762.0,,,1266171368.0,data/twitter_followers.json,
763.0,,,114201048.0,data/twitter_followers.json,
764.0,,,55717701.0,data/twitter_followers.json,
765.0,,,38019645.0,data/twitter_followers.json,
766.0,,,2787923348.0,data/twitter_followers.json,
767.0,,,1495830312.0,data/twitter_followers.json,
768.0,,,283199893.0,data/twitter_followers.json,
769.0,,,124117874.0,data/twitter_followers.json,
770.0,,,179919110.0,data/twitter_followers.json,
771.0,,,17425484.0,data/twitter_followers.json,
772.0,,,115017072.0,data/twitter_followers.json,
773.0,,,14509698.0,data/twitter_followers.json,
774.0,,,7630342.0,data/twitter_followers.json,
775.0,,,1198708476.0,data/twitter_followers.json,
776.0,,,2693868732.0,data/twitter_followers.json,
777.0,,,1603893421.0,data/twitter_followers.json,
778.0,,,15110495.0,data/twitter_followers.json,
779.0,,,151411870.0,data/twitter_followers.json,
780.0,,,79666388.0,data/twitter_followers.json,
781.0,,,2714756070.0,data/twitter_followers.json,
782.0,,,284099824.0,data/twitter_followers.json,
783.0,,,21017642.0,data/twitter_followers.json,
784.0,,,2729250985.0,data/twitter_followers.json,
785.0,,,23989269.0,data/twitter_followers.json,
786.0,,,15150700.0,data/twitter_followers.json,
787.0,,,60424619.0,data/twitter_followers.json,
788.0,,,628797020.0,data/twitter_followers.json,
789.0,,,422089265.0,data/twitter_followers.json,
790.0,,,2158171155.0,data/twitter_followers.json,
791.0,,,262343673.0,data/twitter_followers.json,
792.0,,,322141747.0,data/twitter_followers.json,
793.0,,,1654949180.0,data/twitter_followers.json,
794.0,,,2723553950.0,data/twitter_followers.json,
795.0,,,2753158847.0,data/twitter_followers.json,
796.0,,,2754221956.0,data/twitter_followers.json,
797.0,,,10070832.0,data/twitter_followers.json,
798.0,,,1060498148.0,data/twitter_followers.json,
799.0,,,118117690.0,data/twitter_followers.json,
800.0,,,2713025915.0,data/twitter_followers.json,
801.0,,,2755329468.0,data/twitter_followers.json,
802.0,,,373363418.0,data/twitter_followers.json,
803.0,,,578003326.0,data/twitter_followers.json,
804.0,,,2563320909.0,data/twitter_followers.json,
805.0,,,85323004.0,data/twitter_followers.json,
806.0,,,75747454.0,data/twitter_followers.json,
807.0,,,270888521.0,data/twitter_followers.json,
808.0,,,473648214.0,data/twitter_followers.json,
809.0,,,262045154.0,data/twitter_followers.json,
810.0,,,2585555324.0,data/twitter_followers.json,
811.0,,,2755915448.0,data/twitter_followers.json,
812.0,,,1087636830.0,data/twitter_followers.json,
813.0,,,333516125.0,data/twitter_followers.json,
814.0,,,1037513028.0,data/twitter_followers.json,
815.0,,,74466013.0,data/twitter_followers.json,
816.0,,,14617801.0,data/twitter_followers.json,
817.0,,,2734124796.0,data/twitter_followers.json,
818.0,,,575215224.0,data/twitter_followers.json,
819.0,,,40009007.0,data/twitter_followers.json,
820.0,,,18188847.0,data/twitter_followers.json,
821.0,,,2710711795.0,data/twitter_followers.json,
822.0,,,23736330.0,data/twitter_followers.json,
823.0,,,1546316264.0,data/twitter_followers.json,
824.0,,,116660142.0,data/twitter_followers.json,
825.0,,,89914617.0,data/twitter_followers.json,
826.0,,,1230565934.0,data/twitter_followers.json,
827.0,,,75580015.0,data/twitter_followers.json,
828.0,,,2389557992.0,data/twitter_followers.json,
829.0,,,379740108.0,data/twitter_followers.json,
830.0,,,1923110240.0,data/twitter_followers.json,
831.0,,,2637333232.0,data/twitter_followers.json,
832.0,,,2676560730.0,data/twitter_followers.json,
833.0,,,2480495688.0,data/twitter_followers.json,
834.0,,,213353515.0,data/twitter_followers.json,
835.0,,,2739423425.0,data/twitter_followers.json,
836.0,,,14746910.0,data/twitter_followers.json,
837.0,,,57445905.0,data/twitter_followers.json,
838.0,,,90448243.0,data/twitter_followers.json,
839.0,,,2717335560.0,data/twitter_followers.json,
840.0,,,2704336129.0,data/twitter_followers.json,
841.0,,,13616232.0,data/twitter_followers.json,
842.0,,,2602901941.0,data/twitter_followers.json,
843.0,,,2318553162.0,data/twitter_followers.json,
844.0,,,22763157.0,data/twitter_followers.json,
845.0,,,28130264.0,data/twitter_followers.json,
846.0,,,2239091730.0,data/twitter_followers.json,
847.0,,,404323618.0,data/twitter_followers.json,
848.0,,,38146040.0,data/twitter_followers.json,
849.0,,,89558008.0,data/twitter_followers.json,
850.0,,,321232049.0,data/twitter_followers.json,
851.0,,,2704084998.0,data/twitter_followers.json,
852.0,,,14210193.0,data/twitter_followers.json,
853.0,,,128933497.0,data/twitter_followers.json,
854.0,,,1848253537.0,data/twitter_followers.json,
855.0,,,188717698.0,data/twitter_followers.json,
856.0,,,2562514755.0,data/twitter_followers.json,
857.0,,,250633280.0,data/twitter_followers.json,
858.0,,,1973145673.0,data/twitter_followers.json,
859.0,,,2349097754.0,data/twitter_followers.json,
860.0,,,14919490.0,data/twitter_followers.json,
861.0,,,352184467.0,data/twitter_followers.json,
862.0,,,16478675.0,data/twitter_followers.json,
863.0,,,260953427.0,data/twitter_followers.json,
864.0,,,2505271093.0,data/twitter_followers.json,
865.0,,,20110935.0,data/twitter_followers.json,
866.0,,,89972776.0,data/twitter_followers.json,
867.0,,,2319559849.0,data/twitter_followers.json,
868.0,,,90051686.0,data/twitter_followers.json,
869.0,,,867304158.0,data/twitter_followers.json,
870.0,,,1358977250.0,data/twitter_followers.json,
871.0,,,238570942.0,data/twitter_followers.json,
872.0,,,2534912479.0,data/twitter_followers.json,
873.0,,,88633643.0,data/twitter_followers.json,
874.0,,,197875646.0,data/twitter_followers.json,
875.0,,,2290857104.0,data/twitter_followers.json,
876.0,,,2649257467.0,data/twitter_followers.json,
877.0,,,69929819.0,data/twitter_followers.json,
878.0,,,2648092442.0,data/twitter_followers.json,
879.0,,,547129355.0,data/twitter_followers.json,
880.0,,,815249888.0,data/twitter_followers.json,
881.0,,,2651172750.0,data/twitter_followers.json,
882.0,,,2377980517.0,data/twitter_followers.json,
883.0,,,2366371454.0,data/twitter_followers.json,
884.0,,,1362768960.0,data/twitter_followers.json,
885.0,,,24707995.0,data/twitter_followers.json,
886.0,,,133224601.0,data/twitter_followers.json,
887.0,,,206098377.0,data/twitter_followers.json,
888.0,,,229954617.0,data/twitter_followers.json,
889.0,,,145460854.0,data/twitter_followers.json,
890.0,,,91321131.0,data/twitter_followers.json,
891.0,,,196604046.0,data/twitter_followers.json,
892.0,,,2479150404.0,data/twitter_followers.json,
893.0,,,258790787.0,data/twitter_followers.json,
894.0,,,1409456646.0,data/twitter_followers.json,
895.0,,,2328728582.0,data/twitter_followers.json,
896.0,,,15082818.0,data/twitter_followers.json,
897.0,,,13352042.0,data/twitter_followers.json,
898.0,,,2244052267.0,data/twitter_followers.json,
899.0,,,509857020.0,data/twitter_followers.json,
900.0,,,2609284518.0,data/twitter_followers.json,
901.0,,,2459321438.0,data/twitter_followers.json,
902.0,,,835567518.0,data/twitter_followers.json,
903.0,,,2999801.0,data/twitter_followers.json,
904.0,,,2461755541.0,data/twitter_followers.json,
905.0,,,774334266.0,data/twitter_followers.json,
906.0,,,28527910.0,data/twitter_followers.json,
907.0,,,87278510.0,data/twitter_followers.json,
908.0,,,2591653176.0,data/twitter_followers.json,
909.0,,,384549510.0,data/twitter_followers.json,
910.0,,,82293874.0,data/twitter_followers.json,
911.0,,,1208521976.0,data/twitter_followers.json,
912.0,,,851376606.0,data/twitter_followers.json,
913.0,,,87606674.0,data/twitter_followers.json,
914.0,,,1422924667.0,data/twitter_followers.json,
915.0,,,587949108.0,data/twitter_followers.json,
916.0,,,175164112.0,data/twitter_followers.json,
917.0,,,109674918.0,data/twitter_followers.json,
918.0,,,2699332744.0,data/twitter_followers.json,
919.0,,,562078282.0,data/twitter_followers.json,
920.0,,,14664218.0,data/twitter_followers.json,
921.0,,,462793057.0,data/twitter_followers.json,
922.0,,,421295817.0,data/twitter_followers.json,
923.0,,,92236028.0,data/twitter_followers.json,
924.0,,,1374317010.0,data/twitter_followers.json,
925.0,,,619457853.0,data/twitter_followers.json,
926.0,,,95854352.0,data/twitter_followers.json,
927.0,,,244071731.0,data/twitter_followers.json,
928.0,,,22801141.0,data/twitter_followers.json,
929.0,,,9115682.0,data/twitter_followers.json,
930.0,,,267047726.0,data/twitter_followers.json,
931.0,,,2671658542.0,data/twitter_followers.json,
932.0,,,2569599132.0,data/twitter_followers.json,
933.0,,,49283510.0,data/twitter_followers.json,
934.0,,,108655857.0,data/twitter_followers.json,
935.0,,,545337880.0,data/twitter_followers.json,
936.0,,,297092041.0,data/twitter_followers.json,
937.0,,,309425789.0,data/twitter_followers.json,
938.0,,,137994769.0,data/twitter_followers.json,
939.0,,,2270342394.0,data/twitter_followers.json,
940.0,,,5875592.0,data/twitter_followers.json,
941.0,,,31377347.0,data/twitter_followers.json,
942.0,,,84000579.0,data/twitter_followers.json,
943.0,,,137428628.0,data/twitter_followers.json,
944.0,,,101447031.0,data/twitter_followers.json,
945.0,,,15658625.0,data/twitter_followers.json,
946.0,,,160320441.0,data/twitter_followers.json,
947.0,,,225067516.0,data/twitter_followers.json,
948.0,,,422934875.0,data/twitter_followers.json,
949.0,,,205169876.0,data/twitter_followers.json,
950.0,,,136244706.0,data/twitter_followers.json,
951.0,,,15944443.0,data/twitter_followers.json,
952.0,,,23927123.0,data/twitter_followers.json,
953.0,,,316651357.0,data/twitter_followers.json,
954.0,,,214272214.0,data/twitter_followers.json,
955.0,,,1512359820.0,data/twitter_followers.json,
956.0,,,51145303.0,data/twitter_followers.json,
957.0,,,1941763934.0,data/twitter_followers.json,
958.0,,,55340580.0,data/twitter_followers.json,
959.0,,,294763401.0,data/twitter_followers.json,
960.0,,,148295790.0,data/twitter_followers.json,
961.0,,,1376558149.0,data/twitter_followers.json,
962.0,,,551605993.0,data/twitter_followers.json,
963.0,,,131409771.0,data/twitter_followers.json,
964.0,,,1908195818.0,data/twitter_followers.json,
965.0,,,302311172.0,data/twitter_followers.json,
966.0,,,595584465.0,data/twitter_followers.json,
967.0,,,134628679.0,data/twitter_followers.json,
968.0,,,300940982.0,data/twitter_followers.json,
969.0,,,342589799.0,data/twitter_followers.json,
970.0,,,462318410.0,data/twitter_followers.json,
971.0,,,2149845998.0,data/twitter_followers.json,
972.0,,,257843379.0,data/twitter_followers.json,
973.0,,,451016687.0,data/twitter_followers.json,
974.0,,,135607139.0,data/twitter_followers.json,
975.0,,,588271226.0,data/twitter_followers.json,
976.0,,,533480201.0,data/twitter_followers.json,
977.0,,,2395511617.0,data/twitter_followers.json,
978.0,,,80905912.0,data/twitter_followers.json,
979.0,,,417599004.0,data/twitter_followers.json,
980.0,,,488070229.0,data/twitter_followers.json,
981.0,,,1002513128.0,data/twitter_followers.json,
982.0,,,220194905.0,data/twitter_followers.json,
983.0,,,2596138297.0,data/twitter_followers.json,
984.0,,,2603930431.0,data/twitter_followers.json,
985.0,,,869591340.0,data/twitter_followers.json,
986.0,,,276028820.0,data/twitter_followers.json,
987.0,,,570875716.0,data/twitter_followers.json,
988.0,,,199397015.0,data/twitter_followers.json,
989.0,,,72537152.0,data/twitter_followers.json,
990.0,,,82871980.0,data/twitter_followers.json,
991.0,,,47030292.0,data/twitter_followers.json,
992.0,,,53072717.0,data/twitter_followers.json,
993.0,,,2596673234.0,data/twitter_followers.json,
994.0,,,2377285825.0,data/twitter_followers.json,
995.0,,,2315507155.0,data/twitter_followers.json,
996.0,,,123844471.0,data/twitter_followers.json,
997.0,,,2553844903.0,data/twitter_followers.json,
998.0,,,16437586.0,data/twitter_followers.json,
999.0,,,10254832.0,data/twitter_followers.json,
1000.0,,,562363.0,data/twitter_followers.json,
1001.0,,,258096887.0,data/twitter_followers.json,
1002.0,,,47010172.0,data/twitter_followers.json,
1003.0,,,361927053.0,data/twitter_followers.json,
1004.0,,,291906486.0,data/twitter_followers.json,
1005.0,,,599447386.0,data/twitter_followers.json,
1006.0,,,59839172.0,data/twitter_followers.json,
1007.0,,,136265588.0,data/twitter_followers.json,
1008.0,,,2516192342.0,data/twitter_followers.json,
1009.0,,,31095444.0,data/twitter_followers.json,
1010.0,,,54178700.0,data/twitter_followers.json,
1011.0,,,534109845.0,data/twitter_followers.json,
1012.0,,,1259562186.0,data/twitter_followers.json,
1013.0,,,14746983.0,data/twitter_followers.json,
1014.0,,,19653925.0,data/twitter_followers.json,
1015.0,,,2272738633.0,data/twitter_followers.json,
1016.0,,,1602548000.0,data/twitter_followers.json,
1017.0,,,713557917.0,data/twitter_followers.json,
1018.0,,,605738605.0,data/twitter_followers.json,
1019.0,,,2315330286.0,data/twitter_followers.json,
1020.0,,,350124101.0,data/twitter_followers.json,
1021.0,,,253359805.0,data/twitter_followers.json,
1022.0,,,285649534.0,data/twitter_followers.json,
1023.0,,,385612586.0,data/twitter_followers.json,
1024.0,,,378168897.0,data/twitter_followers.json,
1025.0,,,14492502.0,data/twitter_followers.json,
1026.0,,,2596542313.0,data/twitter_followers.json,
1027.0,,,1280244876.0,data/twitter_followers.json,
1028.0,,,176015580.0,data/twitter_followers.json,
1029.0,,,54712666.0,data/twitter_followers.json,
1030.0,,,44664348.0,data/twitter_followers.json,
1031.0,,,278995241.0,data/twitter_followers.json,
1032.0,,,20177741.0,data/twitter_followers.json,
1033.0,,,301016749.0,data/twitter_followers.json,
1034.0,,,2578087086.0,data/twitter_followers.json,
1035.0,,,1406299501.0,data/twitter_followers.json,
1036.0,,,411926852.0,data/twitter_followers.json,
1037.0,,,25712530.0,data/twitter_followers.json,
1038.0,,,31150767.0,data/twitter_followers.json,
1039.0,,,2258218458.0,data/twitter_followers.json,
1040.0,,,39227551.0,data/twitter_followers.json,
1041.0,,,199645464.0,data/twitter_followers.json,
1042.0,,,49583831.0,data/twitter_followers.json,
1043.0,,,113938141.0,data/twitter_followers.json,
1044.0,,,2374908584.0,data/twitter_followers.json,
1045.0,,,188502383.0,data/twitter_followers.json,
1046.0,,,127667573.0,data/twitter_followers.json,
1047.0,,,1097676648.0,data/twitter_followers.json,
1048.0,,,2199939407.0,data/twitter_followers.json,
1049.0,,,2584475923.0,data/twitter_followers.json,
1050.0,,,41100468.0,data/twitter_followers.json,
1051.0,,,59117495.0,data/twitter_followers.json,
1052.0,,,1111670845.0,data/twitter_followers.json,
1053.0,,,21166399.0,data/twitter_followers.json,
1054.0,,,132247878.0,data/twitter_followers.json,
1055.0,,,149562127.0,data/twitter_followers.json,
1056.0,,,17704535.0,data/twitter_followers.json,
1057.0,,,149614089.0,data/twitter_followers.json,
1058.0,,,12997952.0,data/twitter_followers.json,
1059.0,,,624282852.0,data/twitter_followers.json,
1060.0,,,1060017912.0,data/twitter_followers.json,
1061.0,,,17848700.0,data/twitter_followers.json,
1062.0,,,1931954112.0,data/twitter_followers.json,
1063.0,,,88480740.0,data/twitter_followers.json,
1064.0,,,16647725.0,data/twitter_followers.json,
1065.0,,,1460194494.0,data/twitter_followers.json,
1066.0,,,1246421.0,data/twitter_followers.json,
1067.0,,,101678082.0,data/twitter_followers.json,
1068.0,,,2580229873.0,data/twitter_followers.json,
1069.0,,,443101868.0,data/twitter_followers.json,
1070.0,,,558816142.0,data/twitter_followers.json,
1071.0,,,1010810106.0,data/twitter_followers.json,
1072.0,,,219458687.0,data/twitter_followers.json,
1073.0,,,419663209.0,data/twitter_followers.json,
1074.0,,,252471547.0,data/twitter_followers.json,
1075.0,,,233871208.0,data/twitter_followers.json,
1076.0,,,205604381.0,data/twitter_followers.json,
1077.0,,,390285531.0,data/twitter_followers.json,
1078.0,,,55572474.0,data/twitter_followers.json,
1079.0,,,44401105.0,data/twitter_followers.json,
1080.0,,,2619763162.0,data/twitter_followers.json,
1081.0,,,2621776054.0,data/twitter_followers.json,
1082.0,,,897858440.0,data/twitter_followers.json,
1083.0,,,25165065.0,data/twitter_followers.json,
1084.0,,,2496249858.0,data/twitter_followers.json,
1085.0,,,42110739.0,data/twitter_followers.json,
1086.0,,,480216435.0,data/twitter_followers.json,
1087.0,,,2514878084.0,data/twitter_followers.json,
1088.0,,,102397040.0,data/twitter_followers.json,
1089.0,,,61513256.0,data/twitter_followers.json,
1090.0,,,36995367.0,data/twitter_followers.json,
1091.0,,,17352799.0,data/twitter_followers.json,
1092.0,,,270043695.0,data/twitter_followers.json,
1093.0,,,297444845.0,data/twitter_followers.json,
1094.0,,,2564872128.0,data/twitter_followers.json,
1095.0,,,83232276.0,data/twitter_followers.json,
1096.0,,,13027572.0,data/twitter_followers.json,
1097.0,,,700733051.0,data/twitter_followers.json,
1098.0,,,186718830.0,data/twitter_followers.json,
1099.0,,,51360810.0,data/twitter_followers.json,
1100.0,,,473971627.0,data/twitter_followers.json,
1101.0,,,2561435358.0,data/twitter_followers.json,
1102.0,,,34871904.0,data/twitter_followers.json,
1103.0,,,262202850.0,data/twitter_followers.json,
1104.0,,,2281760194.0,data/twitter_followers.json,
1105.0,,,119987616.0,data/twitter_followers.json,
1106.0,,,14763566.0,data/twitter_followers.json,
1107.0,,,76561795.0,data/twitter_followers.json,
1108.0,,,43919215.0,data/twitter_followers.json,
1109.0,,,190228389.0,data/twitter_followers.json,
1110.0,,,2546658781.0,data/twitter_followers.json,
1111.0,,,14562685.0,data/twitter_followers.json,
1112.0,,,2382929605.0,data/twitter_followers.json,
1113.0,,,20500483.0,data/twitter_followers.json,
1114.0,,,337268931.0,data/twitter_followers.json,
1115.0,,,352913487.0,data/twitter_followers.json,
1116.0,,,119802433.0,data/twitter_followers.json,
1117.0,,,547032102.0,data/twitter_followers.json,
1118.0,,,31746671.0,data/twitter_followers.json,
1119.0,,,13762142.0,data/twitter_followers.json,
1120.0,,,39730284.0,data/twitter_followers.json,
1121.0,,,146577982.0,data/twitter_followers.json,
1122.0,,,152014438.0,data/twitter_followers.json,
1123.0,,,16521091.0,data/twitter_followers.json,
1124.0,,,31078267.0,data/twitter_followers.json,
1125.0,,,476989964.0,data/twitter_followers.json,
1126.0,,,1529135160.0,data/twitter_followers.json,
1127.0,,,90155533.0,data/twitter_followers.json,
1128.0,,,7184.0,data/twitter_followers.json,
1129.0,,,21732968.0,data/twitter_followers.json,
1130.0,,,15472736.0,data/twitter_followers.json,
1131.0,,,107960690.0,data/twitter_followers.json,
1132.0,,,317005231.0,data/twitter_followers.json,
1133.0,,,41085070.0,data/twitter_followers.json,
1134.0,,,54525741.0,data/twitter_followers.json,
1135.0,,,601012813.0,data/twitter_followers.json,
1136.0,,,270464777.0,data/twitter_followers.json,
1137.0,,,525318199.0,data/twitter_followers.json,
1138.0,,,133439854.0,data/twitter_followers.json,
1139.0,,,403929577.0,data/twitter_followers.json,
1140.0,,,2330825383.0,data/twitter_followers.json,
1141.0,,,169457699.0,data/twitter_followers.json,
1142.0,,,741145236.0,data/twitter_followers.json,
1143.0,,,16313937.0,data/twitter_followers.json,
1144.0,,,215309395.0,data/twitter_followers.json,
1145.0,,,39465431.0,data/twitter_followers.json,
1146.0,,,20298842.0,data/twitter_followers.json,
1147.0,,,2198442542.0,data/twitter_followers.json,
1148.0,,,20255968.0,data/twitter_followers.json,
1149.0,,,159098514.0,data/twitter_followers.json,
1150.0,,,1565724332.0,data/twitter_followers.json,
1151.0,,,2525271955.0,data/twitter_followers.json,
1152.0,,,132100330.0,data/twitter_followers.json,
1153.0,,,273935884.0,data/twitter_followers.json,
1154.0,,,45181145.0,data/twitter_followers.json,
1155.0,,,106694710.0,data/twitter_followers.json,
1156.0,,,437711047.0,data/twitter_followers.json,
1157.0,,,41788528.0,data/twitter_followers.json,
1158.0,,,2559848673.0,data/twitter_followers.json,
1159.0,,,319565932.0,data/twitter_followers.json,
1160.0,,,14072398.0,data/twitter_followers.json,
1161.0,,,2235101390.0,data/twitter_followers.json,
1162.0,,,17907297.0,data/twitter_followers.json,
1163.0,,,219588695.0,data/twitter_followers.json,
1164.0,,,721111598.0,data/twitter_followers.json,
1165.0,,,2162485063.0,data/twitter_followers.json,
1166.0,,,2454558061.0,data/twitter_followers.json,
1167.0,,,29754277.0,data/twitter_followers.json,
1168.0,,,2530663478.0,data/twitter_followers.json,
1169.0,,,303226481.0,data/twitter_followers.json,
1170.0,,,290555237.0,data/twitter_followers.json,
1171.0,,,2532117151.0,data/twitter_followers.json,
1172.0,,,370405810.0,data/twitter_followers.json,
1173.0,,,189715878.0,data/twitter_followers.json,
1174.0,,,2247355933.0,data/twitter_followers.json,
1175.0,,,2472189769.0,data/twitter_followers.json,
1176.0,,,213812970.0,data/twitter_followers.json,
1177.0,,,524452010.0,data/twitter_followers.json,
1178.0,,,1791051.0,data/twitter_followers.json,
1179.0,,,15106446.0,data/twitter_followers.json,
1180.0,,,462307589.0,data/twitter_followers.json,
1181.0,,,18858099.0,data/twitter_followers.json,
1182.0,,,529471150.0,data/twitter_followers.json,
1183.0,,,21192198.0,data/twitter_followers.json,
1184.0,,,2523876402.0,data/twitter_followers.json,
1185.0,,,359872658.0,data/twitter_followers.json,
1186.0,,,260114380.0,data/twitter_followers.json,
1187.0,,,391892275.0,data/twitter_followers.json,
1188.0,,,373213606.0,data/twitter_followers.json,
1189.0,,,1522710937.0,data/twitter_followers.json,
1190.0,,,427788366.0,data/twitter_followers.json,
1191.0,,,297035950.0,data/twitter_followers.json,
1192.0,,,450468941.0,data/twitter_followers.json,
1193.0,,,2439605677.0,data/twitter_followers.json,
1194.0,,,2507845381.0,data/twitter_followers.json,
1195.0,,,491992190.0,data/twitter_followers.json,
1196.0,,,1904779934.0,data/twitter_followers.json,
1197.0,,,2174725821.0,data/twitter_followers.json,
1198.0,,,35691467.0,data/twitter_followers.json,
1199.0,,,2179211.0,data/twitter_followers.json,
1200.0,,,41824684.0,data/twitter_followers.json,
1201.0,,,265434993.0,data/twitter_followers.json,
1202.0,,,317268426.0,data/twitter_followers.json,
1203.0,,,2515296721.0,data/twitter_followers.json,
1204.0,,,47959987.0,data/twitter_followers.json,
1205.0,,,118724825.0,data/twitter_followers.json,
1206.0,,,420452409.0,data/twitter_followers.json,
1207.0,,,28540126.0,data/twitter_followers.json,
1208.0,,,2491669699.0,data/twitter_followers.json,
1209.0,,,130490599.0,data/twitter_followers.json,
1210.0,,,148052204.0,data/twitter_followers.json,
1211.0,,,18453087.0,data/twitter_followers.json,
1212.0,,,2365460209.0,data/twitter_followers.json,
1213.0,,,515120409.0,data/twitter_followers.json,
1214.0,,,2510510995.0,data/twitter_followers.json,
1215.0,,,90994081.0,data/twitter_followers.json,
1216.0,,,30462252.0,data/twitter_followers.json,
1217.0,,,340977238.0,data/twitter_followers.json,
1218.0,,,757177542.0,data/twitter_followers.json,
1219.0,,,2277632947.0,data/twitter_followers.json,
1220.0,,,2171346162.0,data/twitter_followers.json,
1221.0,,,2242659576.0,data/twitter_followers.json,
1222.0,,,2504226690.0,data/twitter_followers.json,
1223.0,,,255541797.0,data/twitter_followers.json,
1224.0,,,2398486351.0,data/twitter_followers.json,
1225.0,,,96801858.0,data/twitter_followers.json,
1226.0,,,1659531668.0,data/twitter_followers.json,
1227.0,,,1954152980.0,data/twitter_followers.json,
1228.0,,,219415407.0,data/twitter_followers.json,
1229.0,,,978282954.0,data/twitter_followers.json,
1230.0,,,184871338.0,data/twitter_followers.json,
1231.0,,,85924331.0,data/twitter_followers.json,
1232.0,,,2494255502.0,data/twitter_followers.json,
1233.0,,,130806148.0,data/twitter_followers.json,
1234.0,,,1511658853.0,data/twitter_followers.json,
1235.0,,,1460181.0,data/twitter_followers.json,
1236.0,,,2478841266.0,data/twitter_followers.json,
1237.0,,,28314585.0,data/twitter_followers.json,
1238.0,,,935578370.0,data/twitter_followers.json,
1239.0,,,33458388.0,data/twitter_followers.json,
1240.0,,,53391497.0,data/twitter_followers.json,
1241.0,,,2362475746.0,data/twitter_followers.json,
1242.0,,,2319308082.0,data/twitter_followers.json,
1243.0,,,362724902.0,data/twitter_followers.json,
1244.0,,,942308990.0,data/twitter_followers.json,
1245.0,,,11851022.0,data/twitter_followers.json,
1246.0,,,541058739.0,data/twitter_followers.json,
1247.0,,,1932366487.0,data/twitter_followers.json,
1248.0,,,250764975.0,data/twitter_followers.json,
1249.0,,,374406950.0,data/twitter_followers.json,
1250.0,,,2437096519.0,data/twitter_followers.json,
1251.0,,,2483513162.0,data/twitter_followers.json,
1252.0,,,194055544.0,data/twitter_followers.json,
1253.0,,,193269064.0,data/twitter_followers.json,
1254.0,,,29028473.0,data/twitter_followers.json,
1255.0,,,239867889.0,data/twitter_followers.json,
1256.0,,,15033103.0,data/twitter_followers.json,
1257.0,,,308226281.0,data/twitter_followers.json,
1258.0,,,2245901546.0,data/twitter_followers.json,
1259.0,,,2467510380.0,data/twitter_followers.json,
1260.0,,,2479543658.0,data/twitter_followers.json,
1261.0,,,2343198944.0,data/twitter_followers.json,
1262.0,,,348682634.0,data/twitter_followers.json,
1263.0,,,856179222.0,data/twitter_followers.json,
1264.0,,,548873820.0,data/twitter_followers.json,
1265.0,,,235137061.0,data/twitter_followers.json,
1266.0,,,1721486461.0,data/twitter_followers.json,
1267.0,,,347161664.0,data/twitter_followers.json,
1268.0,,,295049705.0,data/twitter_followers.json,
1269.0,,,1439299801.0,data/twitter_followers.json,
1270.0,,,18306593.0,data/twitter_followers.json,
1271.0,,,40267414.0,data/twitter_followers.json,
1272.0,,,2475227324.0,data/twitter_followers.json,
1273.0,,,14846380.0,data/twitter_followers.json,
1274.0,,,252658068.0,data/twitter_followers.json,
1275.0,,,856406407.0,data/twitter_followers.json,
1276.0,,,2171144028.0,data/twitter_followers.json,
1277.0,,,1418302172.0,data/twitter_followers.json,
1278.0,,,305814425.0,data/twitter_followers.json,
1279.0,,,134030649.0,data/twitter_followers.json,
1280.0,,,2285401001.0,data/twitter_followers.json,
1281.0,,,180310067.0,data/twitter_followers.json,
1282.0,,,558676080.0,data/twitter_followers.json,
1283.0,,,45099110.0,data/twitter_followers.json,
1284.0,,,324671329.0,data/twitter_followers.json,
1285.0,,,827108112.0,data/twitter_followers.json,
1286.0,,,2432928025.0,data/twitter_followers.json,
1287.0,,,451779932.0,data/twitter_followers.json,
1288.0,,,231959424.0,data/twitter_followers.json,
1289.0,,,2417045708.0,data/twitter_followers.json,
1290.0,,,2467820203.0,data/twitter_followers.json,
1291.0,,,282687104.0,data/twitter_followers.json,
1292.0,,,383392868.0,data/twitter_followers.json,
1293.0,,,1388112362.0,data/twitter_followers.json,
1294.0,,,178114269.0,data/twitter_followers.json,
1295.0,,,708973982.0,data/twitter_followers.json,
1296.0,,,202008988.0,data/twitter_followers.json,
1297.0,,,441472026.0,data/twitter_followers.json,
1298.0,,,578259919.0,data/twitter_followers.json,
1299.0,,,118404262.0,data/twitter_followers.json,
1300.0,,,532767349.0,data/twitter_followers.json,
1301.0,,,2383849117.0,data/twitter_followers.json,
1302.0,,,89920918.0,data/twitter_followers.json,
1303.0,,,16868147.0,data/twitter_followers.json,
1304.0,,,457484563.0,data/twitter_followers.json,
1305.0,,,436668706.0,data/twitter_followers.json,
1306.0,,,18597398.0,data/twitter_followers.json,
1307.0,,,48436285.0,data/twitter_followers.json,
1308.0,,,14174897.0,data/twitter_followers.json,
1309.0,,,40197698.0,data/twitter_followers.json,
1310.0,,,288078578.0,data/twitter_followers.json,
1311.0,,,2242759886.0,data/twitter_followers.json,
1312.0,,,2401672004.0,data/twitter_followers.json,
1313.0,,,798500462.0,data/twitter_followers.json,
1314.0,,,42991757.0,data/twitter_followers.json,
1315.0,,,30511454.0,data/twitter_followers.json,
1316.0,,,122929554.0,data/twitter_followers.json,
1317.0,,,2211604627.0,data/twitter_followers.json,
1318.0,,,76090502.0,data/twitter_followers.json,
1319.0,,,469178996.0,data/twitter_followers.json,
1320.0,,,16263098.0,data/twitter_followers.json,
1321.0,,,552767357.0,data/twitter_followers.json,
1322.0,,,361989245.0,data/twitter_followers.json,
1323.0,,,1530674035.0,data/twitter_followers.json,
1324.0,,,2256248586.0,data/twitter_followers.json,
1325.0,,,2336384132.0,data/twitter_followers.json,
1326.0,,,102880962.0,data/twitter_followers.json,
1327.0,,,113022733.0,data/twitter_followers.json,
1328.0,,,8138652.0,data/twitter_followers.json,
1329.0,,,96125982.0,data/twitter_followers.json,
1330.0,,,1479332179.0,data/twitter_followers.json,
1331.0,,,2394235525.0,data/twitter_followers.json,
1332.0,,,15393226.0,data/twitter_followers.json,
1333.0,,,2396460720.0,data/twitter_followers.json,
1334.0,,,184611094.0,data/twitter_followers.json,
1335.0,,,217780920.0,data/twitter_followers.json,
1336.0,,,44426117.0,data/twitter_followers.json,
1337.0,,,48616592.0,data/twitter_followers.json,
1338.0,,,46979218.0,data/twitter_followers.json,
1339.0,,,367246669.0,data/twitter_followers.json,
1340.0,,,2259280801.0,data/twitter_followers.json,
1341.0,,,2442940438.0,data/twitter_followers.json,
1342.0,,,14941706.0,data/twitter_followers.json,
1343.0,,,394233091.0,data/twitter_followers.json,
1344.0,,,214792314.0,data/twitter_followers.json,
1345.0,,,1508595090.0,data/twitter_followers.json,
1346.0,,,288935835.0,data/twitter_followers.json,
1347.0,,,22874907.0,data/twitter_followers.json,
1348.0,,,86172466.0,data/twitter_followers.json,
1349.0,,,74731015.0,data/twitter_followers.json,
1350.0,,,1189324711.0,data/twitter_followers.json,
1351.0,,,712000194.0,data/twitter_followers.json,
1352.0,,,2255433241.0,data/twitter_followers.json,
1353.0,,,1280437609.0,data/twitter_followers.json,
1354.0,,,426577147.0,data/twitter_followers.json,
1355.0,,,2163843028.0,data/twitter_followers.json,
1356.0,,,2436749634.0,data/twitter_followers.json,
1357.0,,,480570808.0,data/twitter_followers.json,
1358.0,,,19166187.0,data/twitter_followers.json,
1359.0,,,135945569.0,data/twitter_followers.json,
1360.0,,,14770715.0,data/twitter_followers.json,
1361.0,,,162039396.0,data/twitter_followers.json,
1362.0,,,185898176.0,data/twitter_followers.json,
1363.0,,,91298829.0,data/twitter_followers.json,
1364.0,,,1485073657.0,data/twitter_followers.json,
1365.0,,,232367357.0,data/twitter_followers.json,
1366.0,,,1431063332.0,data/twitter_followers.json,
1367.0,,,11245502.0,data/twitter_followers.json,
1368.0,,,18393495.0,data/twitter_followers.json,
1369.0,,,2334530239.0,data/twitter_followers.json,
1370.0,,,2391791442.0,data/twitter_followers.json,
1371.0,,,503139389.0,data/twitter_followers.json,
1372.0,,,2304648782.0,data/twitter_followers.json,
1373.0,,,165448423.0,data/twitter_followers.json,
1374.0,,,418832103.0,data/twitter_followers.json,
1375.0,,,2376005953.0,data/twitter_followers.json,
1376.0,,,55923621.0,data/twitter_followers.json,
1377.0,,,1655384240.0,data/twitter_followers.json,
1378.0,,,2425705819.0,data/twitter_followers.json,
1379.0,,,2425694953.0,data/twitter_followers.json,
1380.0,,,2424664094.0,data/twitter_followers.json,
1381.0,,,195900371.0,data/twitter_followers.json,
1382.0,,,947443717.0,data/twitter_followers.json,
1383.0,,,68942792.0,data/twitter_followers.json,
1384.0,,,86766927.0,data/twitter_followers.json,
1385.0,,,14768431.0,data/twitter_followers.json,
1386.0,,,44883438.0,data/twitter_followers.json,
1387.0,,,2207434339.0,data/twitter_followers.json,
1388.0,,,1635660685.0,data/twitter_followers.json,
1389.0,,,10469722.0,data/twitter_followers.json,
1390.0,,,2335478622.0,data/twitter_followers.json,
1391.0,,,900527323.0,data/twitter_followers.json,
1392.0,,,1726517226.0,data/twitter_followers.json,
1393.0,,,2396614200.0,data/twitter_followers.json,
1394.0,,,1355304498.0,data/twitter_followers.json,
1395.0,,,615051242.0,data/twitter_followers.json,
1396.0,,,2442671026.0,data/twitter_followers.json,
1397.0,,,2283582276.0,data/twitter_followers.json,
1398.0,,,1137787681.0,data/twitter_followers.json,
1399.0,,,2400126734.0,data/twitter_followers.json,
1400.0,,,218803618.0,data/twitter_followers.json,
1401.0,,,2414592830.0,data/twitter_followers.json,
1402.0,,,34259850.0,data/twitter_followers.json,
1403.0,,,1854157332.0,data/twitter_followers.json,
1404.0,,,786022.0,data/twitter_followers.json,
1405.0,,,15642635.0,data/twitter_followers.json,
1406.0,,,145161227.0,data/twitter_followers.json,
1407.0,,,193030139.0,data/twitter_followers.json,
1408.0,,,258882404.0,data/twitter_followers.json,
1409.0,,,137654708.0,data/twitter_followers.json,
1410.0,,,379923901.0,data/twitter_followers.json,
1411.0,,,1510422074.0,data/twitter_followers.json,
1412.0,,,212332490.0,data/twitter_followers.json,
1413.0,,,1949059862.0,data/twitter_followers.json,
1414.0,,,171916386.0,data/twitter_followers.json,
1415.0,,,273890006.0,data/twitter_followers.json,
1416.0,,,222178831.0,data/twitter_followers.json,
1417.0,,,1530106297.0,data/twitter_followers.json,
1418.0,,,2271413785.0,data/twitter_followers.json,
1419.0,,,14155044.0,data/twitter_followers.json,
1420.0,,,271057073.0,data/twitter_followers.json,
1421.0,,,140900116.0,data/twitter_followers.json,
1422.0,,,51172067.0,data/twitter_followers.json,
1423.0,,,104127227.0,data/twitter_followers.json,
1424.0,,,14292433.0,data/twitter_followers.json,
1425.0,,,2156705172.0,data/twitter_followers.json,
1426.0,,,428885886.0,data/twitter_followers.json,
1427.0,,,2393326598.0,data/twitter_followers.json,
1428.0,,,636500634.0,data/twitter_followers.json,
1429.0,,,179521049.0,data/twitter_followers.json,
1430.0,,,545477773.0,data/twitter_followers.json,
1431.0,,,1304278428.0,data/twitter_followers.json,
1432.0,,,429135945.0,data/twitter_followers.json,
1433.0,,,1572775608.0,data/twitter_followers.json,
1434.0,,,2328871562.0,data/twitter_followers.json,
1435.0,,,781261333.0,data/twitter_followers.json,
1436.0,,,218414450.0,data/twitter_followers.json,
1437.0,,,513364459.0,data/twitter_followers.json,
1438.0,,,499014749.0,data/twitter_followers.json,
1439.0,,,313523066.0,data/twitter_followers.json,
1440.0,,,42587936.0,data/twitter_followers.json,
1441.0,,,38790830.0,data/twitter_followers.json,
1442.0,,,2315704374.0,data/twitter_followers.json,
1443.0,,,288249757.0,data/twitter_followers.json,
1444.0,,,2396066270.0,data/twitter_followers.json,
1445.0,,,34681368.0,data/twitter_followers.json,
1446.0,,,224261703.0,data/twitter_followers.json,
1447.0,,,1724672239.0,data/twitter_followers.json,
1448.0,,,79235322.0,data/twitter_followers.json,
1449.0,,,25571574.0,data/twitter_followers.json,
1450.0,,,102536306.0,data/twitter_followers.json,
1451.0,,,104211492.0,data/twitter_followers.json,
1452.0,,,2355121538.0,data/twitter_followers.json,
1453.0,,,66064895.0,data/twitter_followers.json,
1454.0,,,259973353.0,data/twitter_followers.json,
1455.0,,,1513841366.0,data/twitter_followers.json,
1456.0,,,2384078730.0,data/twitter_followers.json,
1457.0,,,2356185464.0,data/twitter_followers.json,
1458.0,,,2391117829.0,data/twitter_followers.json,
1459.0,,,336521048.0,data/twitter_followers.json,
1460.0,,,2390873120.0,data/twitter_followers.json,
1461.0,,,171349373.0,data/twitter_followers.json,
1462.0,,,350290869.0,data/twitter_followers.json,
1463.0,,,16931300.0,data/twitter_followers.json,
1464.0,,,92119752.0,data/twitter_followers.json,
1465.0,,,237624488.0,data/twitter_followers.json,
1466.0,,,245365545.0,data/twitter_followers.json,
1467.0,,,215950336.0,data/twitter_followers.json,
1468.0,,,1016731615.0,data/twitter_followers.json,
1469.0,,,366010244.0,data/twitter_followers.json,
1470.0,,,92967999.0,data/twitter_followers.json,
1471.0,,,75228255.0,data/twitter_followers.json,
1472.0,,,408520849.0,data/twitter_followers.json,
1473.0,,,2373935750.0,data/twitter_followers.json,
1474.0,,,140035892.0,data/twitter_followers.json,
1475.0,,,471897359.0,data/twitter_followers.json,
1476.0,,,253213351.0,data/twitter_followers.json,
1477.0,,,856518378.0,data/twitter_followers.json,
1478.0,,,2344741418.0,data/twitter_followers.json,
1479.0,,,84575153.0,data/twitter_followers.json,
1480.0,,,216724753.0,data/twitter_followers.json,
1481.0,,,52383784.0,data/twitter_followers.json,
1482.0,,,573387781.0,data/twitter_followers.json,
1483.0,,,263116578.0,data/twitter_followers.json,
1484.0,,,198481654.0,data/twitter_followers.json,
1485.0,,,373310404.0,data/twitter_followers.json,
1486.0,,,2270983806.0,data/twitter_followers.json,
1487.0,,,47783280.0,data/twitter_followers.json,
1488.0,,,1306073227.0,data/twitter_followers.json,
1489.0,,,58767398.0,data/twitter_followers.json,
1490.0,,,125125798.0,data/twitter_followers.json,
1491.0,,,87675037.0,data/twitter_followers.json,
1492.0,,,1953995149.0,data/twitter_followers.json,
1493.0,,,29914626.0,data/twitter_followers.json,
1494.0,,,138511537.0,data/twitter_followers.json,
1495.0,,,14115995.0,data/twitter_followers.json,
1496.0,,,157924824.0,data/twitter_followers.json,
1497.0,,,2364340675.0,data/twitter_followers.json,
1498.0,,,186090044.0,data/twitter_followers.json,
1499.0,,,2356598472.0,data/twitter_followers.json,
1500.0,,,2285123972.0,data/twitter_followers.json,
1501.0,,,2300655973.0,data/twitter_followers.json,
1502.0,,,1187682750.0,data/twitter_followers.json,
1503.0,,,1135339015.0,data/twitter_followers.json,
1504.0,,,13189352.0,data/twitter_followers.json,
1505.0,,,1318638386.0,data/twitter_followers.json,
1506.0,,,2342382673.0,data/twitter_followers.json,
1507.0,,,2371831559.0,data/twitter_followers.json,
1508.0,,,25136114.0,data/twitter_followers.json,
1509.0,,,17466375.0,data/twitter_followers.json,
1510.0,,,61456538.0,data/twitter_followers.json,
1511.0,,,260909325.0,data/twitter_followers.json,
1512.0,,,285545305.0,data/twitter_followers.json,
1513.0,,,373335507.0,data/twitter_followers.json,
1514.0,,,186599364.0,data/twitter_followers.json,
1515.0,,,2170015918.0,data/twitter_followers.json,
1516.0,,,106156683.0,data/twitter_followers.json,
1517.0,,,23573739.0,data/twitter_followers.json,
1518.0,,,26443289.0,data/twitter_followers.json,
1519.0,,,889517192.0,data/twitter_followers.json,
1520.0,,,1691801191.0,data/twitter_followers.json,
1521.0,,,2360084119.0,data/twitter_followers.json,
1522.0,,,143389203.0,data/twitter_followers.json,
1523.0,,,2240518866.0,data/twitter_followers.json,
1524.0,,,2365667755.0,data/twitter_followers.json,
1525.0,,,1538586590.0,data/twitter_followers.json,
1526.0,,,122462356.0,data/twitter_followers.json,
1527.0,,,465926604.0,data/twitter_followers.json,
1528.0,,,1852936092.0,data/twitter_followers.json,
1529.0,,,263859089.0,data/twitter_followers.json,
1530.0,,,15474133.0,data/twitter_followers.json,
1531.0,,,1949343247.0,data/twitter_followers.json,
1532.0,,,53324855.0,data/twitter_followers.json,
1533.0,,,247049916.0,data/twitter_followers.json,
1534.0,,,438224371.0,data/twitter_followers.json,
1535.0,,,238919728.0,data/twitter_followers.json,
1536.0,,,93620275.0,data/twitter_followers.json,
1537.0,,,1262524255.0,data/twitter_followers.json,
1538.0,,,31625270.0,data/twitter_followers.json,
1539.0,,,798643320.0,data/twitter_followers.json,
1540.0,,,14927009.0,data/twitter_followers.json,
1541.0,,,488417933.0,data/twitter_followers.json,
1542.0,,,330591387.0,data/twitter_followers.json,
1543.0,,,400189636.0,data/twitter_followers.json,
1544.0,,,204778964.0,data/twitter_followers.json,
1545.0,,,1965496472.0,data/twitter_followers.json,
1546.0,,,138902361.0,data/twitter_followers.json,
1547.0,,,48288501.0,data/twitter_followers.json,
1548.0,,,635063243.0,data/twitter_followers.json,
1549.0,,,295709452.0,data/twitter_followers.json,
1550.0,,,51428114.0,data/twitter_followers.json,
1551.0,,,582522474.0,data/twitter_followers.json,
1552.0,,,253011191.0,data/twitter_followers.json,
1553.0,,,15241250.0,data/twitter_followers.json,
1554.0,,,2233524677.0,data/twitter_followers.json,
1555.0,,,2364457374.0,data/twitter_followers.json,
1556.0,,,1074379770.0,data/twitter_followers.json,
1557.0,,,92933292.0,data/twitter_followers.json,
1558.0,,,17157043.0,data/twitter_followers.json,
1559.0,,,163557410.0,data/twitter_followers.json,
1560.0,,,1313229890.0,data/twitter_followers.json,
1561.0,,,555105940.0,data/twitter_followers.json,
1562.0,,,409256916.0,data/twitter_followers.json,
1563.0,,,2150231395.0,data/twitter_followers.json,
1564.0,,,15251639.0,data/twitter_followers.json,
1565.0,,,149045775.0,data/twitter_followers.json,
1566.0,,,2325330206.0,data/twitter_followers.json,
1567.0,,,16262677.0,data/twitter_followers.json,
1568.0,,,331012944.0,data/twitter_followers.json,
1569.0,,,2238853386.0,data/twitter_followers.json,
1570.0,,,145664169.0,data/twitter_followers.json,
1571.0,,,331047037.0,data/twitter_followers.json,
1572.0,,,48733185.0,data/twitter_followers.json,
1573.0,,,412500200.0,data/twitter_followers.json,
1574.0,,,142890112.0,data/twitter_followers.json,
1575.0,,,293339712.0,data/twitter_followers.json,
1576.0,,,2316290052.0,data/twitter_followers.json,
1577.0,,,815712391.0,data/twitter_followers.json,
1578.0,,,1134349284.0,data/twitter_followers.json,
1579.0,,,14437902.0,data/twitter_followers.json,
1580.0,,,103635757.0,data/twitter_followers.json,
1581.0,,,578030766.0,data/twitter_followers.json,
1582.0,,,2349567541.0,data/twitter_followers.json,
1583.0,,,2348403842.0,data/twitter_followers.json,
1584.0,,,1389388086.0,data/twitter_followers.json,
1585.0,,,630046748.0,data/twitter_followers.json,
1586.0,,,845094642.0,data/twitter_followers.json,
1587.0,,,1547423234.0,data/twitter_followers.json,
1588.0,,,22476449.0,data/twitter_followers.json,
1589.0,,,192233148.0,data/twitter_followers.json,
1590.0,,,1291259790.0,data/twitter_followers.json,
1591.0,,,18007817.0,data/twitter_followers.json,
1592.0,,,1881149815.0,data/twitter_followers.json,
1593.0,,,16629256.0,data/twitter_followers.json,
1594.0,,,33599004.0,data/twitter_followers.json,
1595.0,,,18056107.0,data/twitter_followers.json,
1596.0,,,29649822.0,data/twitter_followers.json,
1597.0,,,130160125.0,data/twitter_followers.json,
1598.0,,,377504239.0,data/twitter_followers.json,
1599.0,,,486552613.0,data/twitter_followers.json,
1600.0,,,184522985.0,data/twitter_followers.json,
1601.0,,,558004546.0,data/twitter_followers.json,
1602.0,,,164594449.0,data/twitter_followers.json,
1603.0,,,2342572789.0,data/twitter_followers.json,
1604.0,,,78952906.0,data/twitter_followers.json,
1605.0,,,31726143.0,data/twitter_followers.json,
1606.0,,,571765786.0,data/twitter_followers.json,
1607.0,,,16816193.0,data/twitter_followers.json,
1608.0,,,185944448.0,data/twitter_followers.json,
1609.0,,,1617701.0,data/twitter_followers.json,
1610.0,,,163847252.0,data/twitter_followers.json,
1611.0,,,31093945.0,data/twitter_followers.json,
1612.0,,,169670891.0,data/twitter_followers.json,
1613.0,,,37634179.0,data/twitter_followers.json,
1614.0,,,1286429035.0,data/twitter_followers.json,
1615.0,,,81061333.0,data/twitter_followers.json,
1616.0,,,117167481.0,data/twitter_followers.json,
1617.0,,,272805075.0,data/twitter_followers.json,
1618.0,,,269710836.0,data/twitter_followers.json,
1619.0,,,704602393.0,data/twitter_followers.json,
1620.0,,,15760553.0,data/twitter_followers.json,
1621.0,,,51754021.0,data/twitter_followers.json,
1622.0,,,83700057.0,data/twitter_followers.json,
1623.0,,,16483343.0,data/twitter_followers.json,
1624.0,,,1150889100.0,data/twitter_followers.json,
1625.0,,,26493482.0,data/twitter_followers.json,
1626.0,,,198483889.0,data/twitter_followers.json,
1627.0,,,1372799419.0,data/twitter_followers.json,
1628.0,,,50001997.0,data/twitter_followers.json,
1629.0,,,2329054759.0,data/twitter_followers.json,
1630.0,,,99807538.0,data/twitter_followers.json,
1631.0,,,861765444.0,data/twitter_followers.json,
1632.0,,,15110769.0,data/twitter_followers.json,
1633.0,,,49427323.0,data/twitter_followers.json,
1634.0,,,194047103.0,data/twitter_followers.json,
1635.0,,,558457104.0,data/twitter_followers.json,
1636.0,,,2358647443.0,data/twitter_followers.json,
1637.0,,,257188439.0,data/twitter_followers.json,
1638.0,,,890546137.0,data/twitter_followers.json,
1639.0,,,26483288.0,data/twitter_followers.json,
1640.0,,,479562736.0,data/twitter_followers.json,
1641.0,,,282512950.0,data/twitter_followers.json,
1642.0,,,557687997.0,data/twitter_followers.json,
1643.0,,,71601182.0,data/twitter_followers.json,
1644.0,,,1103931338.0,data/twitter_followers.json,
1645.0,,,19372864.0,data/twitter_followers.json,
1646.0,,,793133730.0,data/twitter_followers.json,
1647.0,,,11813342.0,data/twitter_followers.json,
1648.0,,,16466011.0,data/twitter_followers.json,
1649.0,,,20349161.0,data/twitter_followers.json,
1650.0,,,33845115.0,data/twitter_followers.json,
1651.0,,,307385838.0,data/twitter_followers.json,
1652.0,,,325306722.0,data/twitter_followers.json,
1653.0,,,20076065.0,data/twitter_followers.json,
1654.0,,,85552955.0,data/twitter_followers.json,
1655.0,,,2248766544.0,data/twitter_followers.json,
1656.0,,,1940645058.0,data/twitter_followers.json,
1657.0,,,38804737.0,data/twitter_followers.json,
1658.0,,,2316992826.0,data/twitter_followers.json,
1659.0,,,436082428.0,data/twitter_followers.json,
1660.0,,,24609329.0,data/twitter_followers.json,
1661.0,,,1933604712.0,data/twitter_followers.json,
1662.0,,,272880887.0,data/twitter_followers.json,
1663.0,,,19024696.0,data/twitter_followers.json,
1664.0,,,487385862.0,data/twitter_followers.json,
1665.0,,,80081815.0,data/twitter_followers.json,
1666.0,,,534563976.0,data/twitter_followers.json,
1667.0,,,128808305.0,data/twitter_followers.json,
1668.0,,,319512327.0,data/twitter_followers.json,
1669.0,,,37516153.0,data/twitter_followers.json,
1670.0,,,17018994.0,data/twitter_followers.json,
1671.0,,,745261477.0,data/twitter_followers.json,
1672.0,,,177533262.0,data/twitter_followers.json,
1673.0,,,20145986.0,data/twitter_followers.json,
1674.0,,,10476202.0,data/twitter_followers.json,
1675.0,,,132110612.0,data/twitter_followers.json,
1676.0,,,83306836.0,data/twitter_followers.json,
1677.0,,,1863051260.0,data/twitter_followers.json,
1678.0,,,1904422748.0,data/twitter_followers.json,
1679.0,,,521452889.0,data/twitter_followers.json,
1680.0,,,1250089628.0,data/twitter_followers.json,
1681.0,,,873592850.0,data/twitter_followers.json,
1682.0,,,886456190.0,data/twitter_followers.json,
1683.0,,,1522698907.0,data/twitter_followers.json,
1684.0,,,36884922.0,data/twitter_followers.json,
1685.0,,,21882051.0,data/twitter_followers.json,
1686.0,,,189244402.0,data/twitter_followers.json,
1687.0,,,15295851.0,data/twitter_followers.json,
1688.0,,,173613851.0,data/twitter_followers.json,
1689.0,,,2315624731.0,data/twitter_followers.json,
1690.0,,,576649227.0,data/twitter_followers.json,
1691.0,,,240792557.0,data/twitter_followers.json,
1692.0,,,938898656.0,data/twitter_followers.json,
1693.0,,,54868420.0,data/twitter_followers.json,
1694.0,,,14579415.0,data/twitter_followers.json,
1695.0,,,97011046.0,data/twitter_followers.json,
1696.0,,,123659389.0,data/twitter_followers.json,
1697.0,,,2229152384.0,data/twitter_followers.json,
1698.0,,,32833393.0,data/twitter_followers.json,
1699.0,,,516663580.0,data/twitter_followers.json,
1700.0,,,312712113.0,data/twitter_followers.json,
1701.0,,,12643712.0,data/twitter_followers.json,
1702.0,,,119875220.0,data/twitter_followers.json,
1703.0,,,755332.0,data/twitter_followers.json,
1704.0,,,14845363.0,data/twitter_followers.json,
1705.0,,,200862263.0,data/twitter_followers.json,
1706.0,,,269250729.0,data/twitter_followers.json,
1707.0,,,1544327005.0,data/twitter_followers.json,
